DEBUG - 2026-04-19 00:03:57 --> Session: Class initialized using 'CodeIgniter\Session\Handlers\FileHandler' driver.
DEBUG - 2026-04-19 00:08:44 --> Session: Class initialized using 'CodeIgniter\Session\Handlers\FileHandler' driver.
DEBUG - 2026-04-19 00:09:39 --> Session: Class initialized using 'CodeIgniter\Session\Handlers\FileHandler' driver.
DEBUG - 2026-04-19 00:09:41 --> Session: Class initialized using 'CodeIgniter\Session\Handlers\FileHandler' driver.
DEBUG - 2026-04-19 00:09:41 --> Session: Class initialized using 'CodeIgniter\Session\Handlers\FileHandler' driver.
DEBUG - 2026-04-19 00:09:41 --> Session: Class initialized using 'CodeIgniter\Session\Handlers\FileHandler' driver.
DEBUG - 2026-04-19 00:09:44 --> Session: Class initialized using 'CodeIgniter\Session\Handlers\FileHandler' driver.
DEBUG - 2026-04-19 00:09:44 --> Session: Class initialized using 'CodeIgniter\Session\Handlers\FileHandler' driver.
DEBUG - 2026-04-19 00:10:06 --> Session: Class initialized using 'CodeIgniter\Session\Handlers\FileHandler' driver.
DEBUG - 2026-04-19 00:10:41 --> Session: Class initialized using 'CodeIgniter\Session\Handlers\FileHandler' driver.
DEBUG - 2026-04-19 00:12:15 --> Session: Class initialized using 'CodeIgniter\Session\Handlers\FileHandler' driver.
DEBUG - 2026-04-19 00:12:54 --> Session: Class initialized using 'CodeIgniter\Session\Handlers\FileHandler' driver.
DEBUG - 2026-04-19 00:12:56 --> Session: Class initialized using 'CodeIgniter\Session\Handlers\FileHandler' driver.
DEBUG - 2026-04-19 00:13:34 --> Session: Class initialized using 'CodeIgniter\Session\Handlers\FileHandler' driver.
DEBUG - 2026-04-19 00:13:36 --> Session: Class initialized using 'CodeIgniter\Session\Handlers\FileHandler' driver.
DEBUG - 2026-04-19 00:14:20 --> Session: Class initialized using 'CodeIgniter\Session\Handlers\FileHandler' driver.
DEBUG - 2026-04-19 00:14:23 --> Session: Class initialized using 'CodeIgniter\Session\Handlers\FileHandler' driver.
DEBUG - 2026-04-19 00:15:56 --> Session: Class initialized using 'CodeIgniter\Session\Handlers\FileHandler' driver.
DEBUG - 2026-04-19 00:16:17 --> Session: Class initialized using 'CodeIgniter\Session\Handlers\FileHandler' driver.
DEBUG - 2026-04-19 00:16:19 --> Session: Class initialized using 'CodeIgniter\Session\Handlers\FileHandler' driver.
DEBUG - 2026-04-19 00:19:56 --> Session: Class initialized using 'CodeIgniter\Session\Handlers\FileHandler' driver.
DEBUG - 2026-04-19 00:19:57 --> Session: Class initialized using 'CodeIgniter\Session\Handlers\FileHandler' driver.
DEBUG - 2026-04-19 00:20:33 --> Session: Class initialized using 'CodeIgniter\Session\Handlers\FileHandler' driver.
DEBUG - 2026-04-19 00:27:36 --> Session: Class initialized using 'CodeIgniter\Session\Handlers\FileHandler' driver.
DEBUG - 2026-04-19 00:28:19 --> Session: Class initialized using 'CodeIgniter\Session\Handlers\FileHandler' driver.
DEBUG - 2026-04-19 00:28:20 --> Session: Class initialized using 'CodeIgniter\Session\Handlers\FileHandler' driver.
DEBUG - 2026-04-19 01:11:06 --> Session: Class initialized using 'CodeIgniter\Session\Handlers\FileHandler' driver.
DEBUG - 2026-04-19 01:13:35 --> Session: Class initialized using 'CodeIgniter\Session\Handlers\FileHandler' driver.
DEBUG - 2026-04-19 01:14:13 --> Session: Class initialized using 'CodeIgniter\Session\Handlers\FileHandler' driver.
DEBUG - 2026-04-19 01:14:23 --> Session: Class initialized using 'CodeIgniter\Session\Handlers\FileHandler' driver.
DEBUG - 2026-04-19 01:16:08 --> Session: Class initialized using 'CodeIgniter\Session\Handlers\FileHandler' driver.
DEBUG - 2026-04-19 01:16:11 --> Session: Class initialized using 'CodeIgniter\Session\Handlers\FileHandler' driver.
DEBUG - 2026-04-19 01:16:15 --> Session: Class initialized using 'CodeIgniter\Session\Handlers\FileHandler' driver.
DEBUG - 2026-04-19 01:16:16 --> Session: Class initialized using 'CodeIgniter\Session\Handlers\FileHandler' driver.
DEBUG - 2026-04-19 01:16:46 --> Session: Class initialized using 'CodeIgniter\Session\Handlers\FileHandler' driver.
DEBUG - 2026-04-19 01:16:47 --> Session: Class initialized using 'CodeIgniter\Session\Handlers\FileHandler' driver.
CRITICAL - 2026-04-19 01:16:47 --> CodeIgniter\View\Exceptions\ViewException: Invalid file: "layout/header.php"
[Method: GET, Route: spotify/buscar]
in SYSTEMPATH\Exceptions\FrameworkException.php on line 39.
 1 SYSTEMPATH\View\View.php(212): CodeIgniter\Exceptions\FrameworkException::forInvalidFile('layout/header.php')
 2 SYSTEMPATH\Common.php(1173): CodeIgniter\View\View->render('layout/header', [], true)
 3 APPPATH\Views\Spotify\buscar.php(1): view('layout/header')
 4 SYSTEMPATH\View\View.php(224): include('C:\\xampp1\\htdocs\\Spotify-Chafa-3\\app\\Views\\Spotify\\buscar.php')
 5 SYSTEMPATH\View\View.php(227): CodeIgniter\View\View->CodeIgniter\View\{closure}()
 6 SYSTEMPATH\Common.php(1173): CodeIgniter\View\View->render('Spotify/Buscar', [], true)
 7 APPPATH\Controllers\SpotifyController.php(52): view('Spotify/Buscar', [...])
 8 SYSTEMPATH\CodeIgniter.php(933): App\Controllers\SpotifyController->buscar()
 9 SYSTEMPATH\CodeIgniter.php(507): CodeIgniter\CodeIgniter->runController(Object(App\Controllers\SpotifyController))
10 SYSTEMPATH\CodeIgniter.php(354): CodeIgniter\CodeIgniter->handleRequest(null, Object(Config\Cache), false)
11 SYSTEMPATH\Boot.php(334): CodeIgniter\CodeIgniter->run()
12 SYSTEMPATH\Boot.php(67): CodeIgniter\Boot::runCodeIgniter(Object(CodeIgniter\CodeIgniter))
13 FCPATH\index.php(59): CodeIgniter\Boot::bootWeb(Object(Config\Paths))
DEBUG - 2026-04-19 01:16:52 --> Session: Class initialized using 'CodeIgniter\Session\Handlers\FileHandler' driver.
CRITICAL - 2026-04-19 01:16:52 --> TypeError: CodeIgniter\HTTP\SiteURI::stringifyRelativePath(): Return value must be of type string, null returned
[Method: GET, Route: spotify/biblioteca]
in SYSTEMPATH\HTTP\SiteURI.php on line 420.
 1 SYSTEMPATH\HTTP\SiteURI.php(394): CodeIgniter\HTTP\SiteURI->stringifyRelativePath(null)
 2 SYSTEMPATH\Helpers\url_helper.php(59): CodeIgniter\HTTP\SiteURI->baseUrl(null, null)
 3 APPPATH\Views\Spotify\biblioteca.php(8): base_url(null)
 4 SYSTEMPATH\View\View.php(224): include('C:\\xampp1\\htdocs\\Spotify-Chafa-3\\app\\Views\\Spotify\\biblioteca.php')
 5 SYSTEMPATH\View\View.php(227): CodeIgniter\View\View->CodeIgniter\View\{closure}()
 6 SYSTEMPATH\Common.php(1173): CodeIgniter\View\View->render('Spotify/Biblioteca', [], true)
 7 APPPATH\Controllers\SpotifyController.php(73): view('Spotify/Biblioteca', [...])
 8 SYSTEMPATH\CodeIgniter.php(933): App\Controllers\SpotifyController->biblioteca()
 9 SYSTEMPATH\CodeIgniter.php(507): CodeIgniter\CodeIgniter->runController(Object(App\Controllers\SpotifyController))
10 SYSTEMPATH\CodeIgniter.php(354): CodeIgniter\CodeIgniter->handleRequest(null, Object(Config\Cache), false)
11 SYSTEMPATH\Boot.php(334): CodeIgniter\CodeIgniter->run()
12 SYSTEMPATH\Boot.php(67): CodeIgniter\Boot::runCodeIgniter(Object(CodeIgniter\CodeIgniter))
13 FCPATH\index.php(59): CodeIgniter\Boot::bootWeb(Object(Config\Paths))
DEBUG - 2026-04-19 01:16:54 --> Session: Class initialized using 'CodeIgniter\Session\Handlers\FileHandler' driver.
DEBUG - 2026-04-19 01:19:00 --> Session: Class initialized using 'CodeIgniter\Session\Handlers\FileHandler' driver.
DEBUG - 2026-04-19 01:20:18 --> Session: Class initialized using 'CodeIgniter\Session\Handlers\FileHandler' driver.
DEBUG - 2026-04-19 01:20:27 --> Session: Class initialized using 'CodeIgniter\Session\Handlers\FileHandler' driver.
DEBUG - 2026-04-19 01:20:29 --> Session: Class initialized using 'CodeIgniter\Session\Handlers\FileHandler' driver.
DEBUG - 2026-04-19 01:20:39 --> Session: Class initialized using 'CodeIgniter\Session\Handlers\FileHandler' driver.
DEBUG - 2026-04-19 01:20:40 --> Session: Class initialized using 'CodeIgniter\Session\Handlers\FileHandler' driver.
DEBUG - 2026-04-19 01:20:40 --> Session: Class initialized using 'CodeIgniter\Session\Handlers\FileHandler' driver.
DEBUG - 2026-04-19 01:20:43 --> Session: Class initialized using 'CodeIgniter\Session\Handlers\FileHandler' driver.
DEBUG - 2026-04-19 01:20:43 --> Session: Class initialized using 'CodeIgniter\Session\Handlers\FileHandler' driver.
DEBUG - 2026-04-19 01:20:44 --> Session: Class initialized using 'CodeIgniter\Session\Handlers\FileHandler' driver.
DEBUG - 2026-04-19 01:20:51 --> Session: Class initialized using 'CodeIgniter\Session\Handlers\FileHandler' driver.
DEBUG - 2026-04-19 01:20:51 --> Session: Class initialized using 'CodeIgniter\Session\Handlers\FileHandler' driver.
DEBUG - 2026-04-19 01:20:56 --> Session: Class initialized using 'CodeIgniter\Session\Handlers\FileHandler' driver.
DEBUG - 2026-04-19 01:20:56 --> Session: Class initialized using 'CodeIgniter\Session\Handlers\FileHandler' driver.
DEBUG - 2026-04-19 01:21:01 --> Session: Class initialized using 'CodeIgniter\Session\Handlers\FileHandler' driver.
DEBUG - 2026-04-19 01:21:02 --> Session: Class initialized using 'CodeIgniter\Session\Handlers\FileHandler' driver.
DEBUG - 2026-04-19 01:21:26 --> Session: Class initialized using 'CodeIgniter\Session\Handlers\FileHandler' driver.
DEBUG - 2026-04-19 01:21:27 --> Session: Class initialized using 'CodeIgniter\Session\Handlers\FileHandler' driver.
DEBUG - 2026-04-19 01:21:32 --> Session: Class initialized using 'CodeIgniter\Session\Handlers\FileHandler' driver.
DEBUG - 2026-04-19 01:21:32 --> Session: Class initialized using 'CodeIgniter\Session\Handlers\FileHandler' driver.
DEBUG - 2026-04-19 01:21:34 --> Session: Class initialized using 'CodeIgniter\Session\Handlers\FileHandler' driver.
DEBUG - 2026-04-19 01:21:42 --> Session: Class initialized using 'CodeIgniter\Session\Handlers\FileHandler' driver.
DEBUG - 2026-04-19 01:21:42 --> Session: Class initialized using 'CodeIgniter\Session\Handlers\FileHandler' driver.
DEBUG - 2026-04-19 01:21:47 --> Session: Class initialized using 'CodeIgniter\Session\Handlers\FileHandler' driver.
CRITICAL - 2026-04-19 01:21:47 --> TypeError: CodeIgniter\HTTP\SiteURI::stringifyRelativePath(): Return value must be of type string, null returned
[Method: GET, Route: spotify/biblioteca]
in SYSTEMPATH\HTTP\SiteURI.php on line 420.
 1 SYSTEMPATH\HTTP\SiteURI.php(394): CodeIgniter\HTTP\SiteURI->stringifyRelativePath(null)
 2 SYSTEMPATH\Helpers\url_helper.php(59): CodeIgniter\HTTP\SiteURI->baseUrl(null, null)
 3 APPPATH\Views\Spotify\biblioteca.php(8): base_url(null)
 4 SYSTEMPATH\View\View.php(224): include('C:\\xampp1\\htdocs\\Spotify-Chafa-3\\app\\Views\\Spotify\\biblioteca.php')
 5 SYSTEMPATH\View\View.php(227): CodeIgniter\View\View->CodeIgniter\View\{closure}()
 6 SYSTEMPATH\Common.php(1173): CodeIgniter\View\View->render('Spotify/Biblioteca', [], true)
 7 APPPATH\Controllers\SpotifyController.php(75): view('Spotify/Biblioteca', [...])
 8 SYSTEMPATH\CodeIgniter.php(933): App\Controllers\SpotifyController->biblioteca()
 9 SYSTEMPATH\CodeIgniter.php(507): CodeIgniter\CodeIgniter->runController(Object(App\Controllers\SpotifyController))
10 SYSTEMPATH\CodeIgniter.php(354): CodeIgniter\CodeIgniter->handleRequest(null, Object(Config\Cache), false)
11 SYSTEMPATH\Boot.php(334): CodeIgniter\CodeIgniter->run()
12 SYSTEMPATH\Boot.php(67): CodeIgniter\Boot::runCodeIgniter(Object(CodeIgniter\CodeIgniter))
13 FCPATH\index.php(59): CodeIgniter\Boot::bootWeb(Object(Config\Paths))
DEBUG - 2026-04-19 01:21:50 --> Session: Class initialized using 'CodeIgniter\Session\Handlers\FileHandler' driver.
DEBUG - 2026-04-19 01:24:31 --> Session: Class initialized using 'CodeIgniter\Session\Handlers\FileHandler' driver.
DEBUG - 2026-04-19 01:24:33 --> Session: Class initialized using 'CodeIgniter\Session\Handlers\FileHandler' driver.
DEBUG - 2026-04-19 01:24:35 --> Session: Class initialized using 'CodeIgniter\Session\Handlers\FileHandler' driver.
WARNING - 2026-04-19 01:24:35 --> [DEPRECATED] trim(): Passing null to parameter #1 ($string) of type string is deprecated in APPPATH\Controllers\SpotifyController.php on line 37.
 1 APPPATH\Controllers\SpotifyController.php(37): trim(null)
 2 SYSTEMPATH\CodeIgniter.php(933): App\Controllers\SpotifyController->buscar()
 3 SYSTEMPATH\CodeIgniter.php(507): CodeIgniter\CodeIgniter->runController(Object(App\Controllers\SpotifyController))
 4 SYSTEMPATH\CodeIgniter.php(354): CodeIgniter\CodeIgniter->handleRequest(null, Object(Config\Cache), false)
 5 SYSTEMPATH\Boot.php(334): CodeIgniter\CodeIgniter->run()
 6 SYSTEMPATH\Boot.php(67): CodeIgniter\Boot::runCodeIgniter(Object(CodeIgniter\CodeIgniter))
 7 FCPATH\index.php(59): CodeIgniter\Boot::bootWeb(Object(Config\Paths))
DEBUG - 2026-04-19 01:26:03 --> Session: Class initialized using 'CodeIgniter\Session\Handlers\FileHandler' driver.
DEBUG - 2026-04-19 01:26:05 --> Session: Class initialized using 'CodeIgniter\Session\Handlers\FileHandler' driver.
DEBUG - 2026-04-19 01:26:06 --> Session: Class initialized using 'CodeIgniter\Session\Handlers\FileHandler' driver.
DEBUG - 2026-04-19 01:26:07 --> Session: Class initialized using 'CodeIgniter\Session\Handlers\FileHandler' driver.
DEBUG - 2026-04-19 01:26:08 --> Session: Class initialized using 'CodeIgniter\Session\Handlers\FileHandler' driver.
DEBUG - 2026-04-19 01:26:10 --> Session: Class initialized using 'CodeIgniter\Session\Handlers\FileHandler' driver.
DEBUG - 2026-04-19 01:26:11 --> Session: Class initialized using 'CodeIgniter\Session\Handlers\FileHandler' driver.
DEBUG - 2026-04-19 01:27:33 --> Session: Class initialized using 'CodeIgniter\Session\Handlers\FileHandler' driver.
DEBUG - 2026-04-19 01:27:36 --> Session: Class initialized using 'CodeIgniter\Session\Handlers\FileHandler' driver.
DEBUG - 2026-04-19 01:27:37 --> Session: Class initialized using 'CodeIgniter\Session\Handlers\FileHandler' driver.
DEBUG - 2026-04-19 01:27:38 --> Session: Class initialized using 'CodeIgniter\Session\Handlers\FileHandler' driver.
DEBUG - 2026-04-19 01:27:40 --> Session: Class initialized using 'CodeIgniter\Session\Handlers\FileHandler' driver.
DEBUG - 2026-04-19 01:27:56 --> Session: Class initialized using 'CodeIgniter\Session\Handlers\FileHandler' driver.
DEBUG - 2026-04-19 01:27:58 --> Session: Class initialized using 'CodeIgniter\Session\Handlers\FileHandler' driver.
CRITICAL - 2026-04-19 01:27:59 --> TypeError: CodeIgniter\HTTP\SiteURI::stringifyRelativePath(): Return value must be of type string, null returned
[Method: GET, Route: spotify/biblioteca]
in SYSTEMPATH\HTTP\SiteURI.php on line 420.
 1 SYSTEMPATH\HTTP\SiteURI.php(394): CodeIgniter\HTTP\SiteURI->stringifyRelativePath(null)
 2 SYSTEMPATH\Helpers\url_helper.php(59): CodeIgniter\HTTP\SiteURI->baseUrl(null, null)
 3 APPPATH\Views\Spotify\biblioteca.php(8): base_url(null)
 4 SYSTEMPATH\View\View.php(224): include('C:\\xampp1\\htdocs\\Spotify-Chafa-3\\app\\Views\\Spotify\\biblioteca.php')
 5 SYSTEMPATH\View\View.php(227): CodeIgniter\View\View->CodeIgniter\View\{closure}()
 6 SYSTEMPATH\Common.php(1173): CodeIgniter\View\View->render('Spotify/Biblioteca', [], true)
 7 APPPATH\Controllers\SpotifyController.php(71): view('Spotify/Biblioteca', [...])
 8 SYSTEMPATH\CodeIgniter.php(933): App\Controllers\SpotifyController->biblioteca()
 9 SYSTEMPATH\CodeIgniter.php(507): CodeIgniter\CodeIgniter->runController(Object(App\Controllers\SpotifyController))
10 SYSTEMPATH\CodeIgniter.php(354): CodeIgniter\CodeIgniter->handleRequest(null, Object(Config\Cache), false)
11 SYSTEMPATH\Boot.php(334): CodeIgniter\CodeIgniter->run()
12 SYSTEMPATH\Boot.php(67): CodeIgniter\Boot::runCodeIgniter(Object(CodeIgniter\CodeIgniter))
13 FCPATH\index.php(59): CodeIgniter\Boot::bootWeb(Object(Config\Paths))
DEBUG - 2026-04-19 01:29:20 --> Session: Class initialized using 'CodeIgniter\Session\Handlers\FileHandler' driver.
DEBUG - 2026-04-19 01:29:21 --> Session: Class initialized using 'CodeIgniter\Session\Handlers\FileHandler' driver.
DEBUG - 2026-04-19 01:29:29 --> Session: Class initialized using 'CodeIgniter\Session\Handlers\FileHandler' driver.
DEBUG - 2026-04-19 01:29:36 --> Session: Class initialized using 'CodeIgniter\Session\Handlers\FileHandler' driver.
DEBUG - 2026-04-19 01:29:38 --> Session: Class initialized using 'CodeIgniter\Session\Handlers\FileHandler' driver.
DEBUG - 2026-04-19 01:29:38 --> Session: Class initialized using 'CodeIgniter\Session\Handlers\FileHandler' driver.
DEBUG - 2026-04-19 01:30:46 --> Session: Class initialized using 'CodeIgniter\Session\Handlers\FileHandler' driver.
DEBUG - 2026-04-19 01:30:48 --> Session: Class initialized using 'CodeIgniter\Session\Handlers\FileHandler' driver.
DEBUG - 2026-04-19 01:30:50 --> Session: Class initialized using 'CodeIgniter\Session\Handlers\FileHandler' driver.
DEBUG - 2026-04-19 01:30:50 --> Session: Class initialized using 'CodeIgniter\Session\Handlers\FileHandler' driver.
DEBUG - 2026-04-19 01:30:53 --> Session: Class initialized using 'CodeIgniter\Session\Handlers\FileHandler' driver.
DEBUG - 2026-04-19 01:30:57 --> Session: Class initialized using 'CodeIgniter\Session\Handlers\FileHandler' driver.
DEBUG - 2026-04-19 01:31:08 --> Session: Class initialized using 'CodeIgniter\Session\Handlers\FileHandler' driver.
DEBUG - 2026-04-19 01:31:49 --> Session: Class initialized using 'CodeIgniter\Session\Handlers\FileHandler' driver.
DEBUG - 2026-04-19 01:31:51 --> Session: Class initialized using 'CodeIgniter\Session\Handlers\FileHandler' driver.
WARNING - 2026-04-19 01:31:51 --> [DEPRECATED] trim(): Passing null to parameter #1 ($string) of type string is deprecated in APPPATH\Controllers\SpotifyController.php on line 37.
 1 APPPATH\Controllers\SpotifyController.php(37): trim(null)
 2 SYSTEMPATH\CodeIgniter.php(933): App\Controllers\SpotifyController->buscar()
 3 SYSTEMPATH\CodeIgniter.php(507): CodeIgniter\CodeIgniter->runController(Object(App\Controllers\SpotifyController))
 4 SYSTEMPATH\CodeIgniter.php(354): CodeIgniter\CodeIgniter->handleRequest(null, Object(Config\Cache), false)
 5 SYSTEMPATH\Boot.php(334): CodeIgniter\CodeIgniter->run()
 6 SYSTEMPATH\Boot.php(67): CodeIgniter\Boot::runCodeIgniter(Object(CodeIgniter\CodeIgniter))
 7 FCPATH\index.php(59): CodeIgniter\Boot::bootWeb(Object(Config\Paths))
DEBUG - 2026-04-19 01:32:01 --> Session: Class initialized using 'CodeIgniter\Session\Handlers\FileHandler' driver.
DEBUG - 2026-04-19 01:32:25 --> Session: Class initialized using 'CodeIgniter\Session\Handlers\FileHandler' driver.
DEBUG - 2026-04-19 01:32:35 --> Session: Class initialized using 'CodeIgniter\Session\Handlers\FileHandler' driver.
DEBUG - 2026-04-19 01:32:48 --> Session: Class initialized using 'CodeIgniter\Session\Handlers\FileHandler' driver.
WARNING - 2026-04-19 01:32:48 --> [DEPRECATED] trim(): Passing null to parameter #1 ($string) of type string is deprecated in APPPATH\Controllers\SpotifyController.php on line 37.
 1 APPPATH\Controllers\SpotifyController.php(37): trim(null)
 2 SYSTEMPATH\CodeIgniter.php(933): App\Controllers\SpotifyController->buscar()
 3 SYSTEMPATH\CodeIgniter.php(507): CodeIgniter\CodeIgniter->runController(Object(App\Controllers\SpotifyController))
 4 SYSTEMPATH\CodeIgniter.php(354): CodeIgniter\CodeIgniter->handleRequest(null, Object(Config\Cache), false)
 5 SYSTEMPATH\Boot.php(334): CodeIgniter\CodeIgniter->run()
 6 SYSTEMPATH\Boot.php(67): CodeIgniter\Boot::runCodeIgniter(Object(CodeIgniter\CodeIgniter))
 7 FCPATH\index.php(59): CodeIgniter\Boot::bootWeb(Object(Config\Paths))
DEBUG - 2026-04-19 01:33:40 --> Session: Class initialized using 'CodeIgniter\Session\Handlers\FileHandler' driver.
DEBUG - 2026-04-19 01:33:41 --> Session: Class initialized using 'CodeIgniter\Session\Handlers\FileHandler' driver.
CRITICAL - 2026-04-19 01:33:41 --> TypeError: CodeIgniter\HTTP\SiteURI::stringifyRelativePath(): Return value must be of type string, null returned
[Method: GET, Route: spotify/biblioteca]
in SYSTEMPATH\HTTP\SiteURI.php on line 420.
 1 SYSTEMPATH\HTTP\SiteURI.php(394): CodeIgniter\HTTP\SiteURI->stringifyRelativePath(null)
 2 SYSTEMPATH\Helpers\url_helper.php(59): CodeIgniter\HTTP\SiteURI->baseUrl(null, null)
 3 APPPATH\Views\Spotify\biblioteca.php(8): base_url(null)
 4 SYSTEMPATH\View\View.php(224): include('C:\\xampp1\\htdocs\\Spotify-Chafa-3\\app\\Views\\Spotify\\biblioteca.php')
 5 SYSTEMPATH\View\View.php(227): CodeIgniter\View\View->CodeIgniter\View\{closure}()
 6 SYSTEMPATH\Common.php(1173): CodeIgniter\View\View->render('Spotify/Biblioteca', [], true)
 7 APPPATH\Controllers\SpotifyController.php(70): view('Spotify/Biblioteca', [...])
 8 SYSTEMPATH\CodeIgniter.php(933): App\Controllers\SpotifyController->biblioteca()
 9 SYSTEMPATH\CodeIgniter.php(507): CodeIgniter\CodeIgniter->runController(Object(App\Controllers\SpotifyController))
10 SYSTEMPATH\CodeIgniter.php(354): CodeIgniter\CodeIgniter->handleRequest(null, Object(Config\Cache), false)
11 SYSTEMPATH\Boot.php(334): CodeIgniter\CodeIgniter->run()
12 SYSTEMPATH\Boot.php(67): CodeIgniter\Boot::runCodeIgniter(Object(CodeIgniter\CodeIgniter))
13 FCPATH\index.php(59): CodeIgniter\Boot::bootWeb(Object(Config\Paths))
DEBUG - 2026-04-19 01:37:29 --> Session: Class initialized using 'CodeIgniter\Session\Handlers\FileHandler' driver.
DEBUG - 2026-04-19 01:37:33 --> Session: Class initialized using 'CodeIgniter\Session\Handlers\FileHandler' driver.
DEBUG - 2026-04-19 01:41:37 --> Session: Class initialized using 'CodeIgniter\Session\Handlers\FileHandler' driver.
DEBUG - 2026-04-19 01:41:42 --> Session: Class initialized using 'CodeIgniter\Session\Handlers\FileHandler' driver.
DEBUG - 2026-04-19 01:42:55 --> Session: Class initialized using 'CodeIgniter\Session\Handlers\FileHandler' driver.
DEBUG - 2026-04-19 01:43:55 --> Session: Class initialized using 'CodeIgniter\Session\Handlers\FileHandler' driver.
WARNING - 2026-04-19 01:43:55 --> [DEPRECATED] trim(): Passing null to parameter #1 ($string) of type string is deprecated in APPPATH\Controllers\SpotifyController.php on line 37.
 1 APPPATH\Controllers\SpotifyController.php(37): trim(null)
 2 SYSTEMPATH\CodeIgniter.php(933): App\Controllers\SpotifyController->buscar()
 3 SYSTEMPATH\CodeIgniter.php(507): CodeIgniter\CodeIgniter->runController(Object(App\Controllers\SpotifyController))
 4 SYSTEMPATH\CodeIgniter.php(354): CodeIgniter\CodeIgniter->handleRequest(null, Object(Config\Cache), false)
 5 SYSTEMPATH\Boot.php(334): CodeIgniter\CodeIgniter->run()
 6 SYSTEMPATH\Boot.php(67): CodeIgniter\Boot::runCodeIgniter(Object(CodeIgniter\CodeIgniter))
 7 FCPATH\index.php(59): CodeIgniter\Boot::bootWeb(Object(Config\Paths))
DEBUG - 2026-04-19 01:44:00 --> Session: Class initialized using 'CodeIgniter\Session\Handlers\FileHandler' driver.
DEBUG - 2026-04-19 01:44:03 --> Session: Class initialized using 'CodeIgniter\Session\Handlers\FileHandler' driver.
DEBUG - 2026-04-19 01:44:05 --> Session: Class initialized using 'CodeIgniter\Session\Handlers\FileHandler' driver.
DEBUG - 2026-04-19 01:44:06 --> Session: Class initialized using 'CodeIgniter\Session\Handlers\FileHandler' driver.
DEBUG - 2026-04-19 01:44:07 --> Session: Class initialized using 'CodeIgniter\Session\Handlers\FileHandler' driver.
DEBUG - 2026-04-19 01:44:53 --> Session: Class initialized using 'CodeIgniter\Session\Handlers\FileHandler' driver.
DEBUG - 2026-04-19 01:44:54 --> Session: Class initialized using 'CodeIgniter\Session\Handlers\FileHandler' driver.
DEBUG - 2026-04-19 01:44:55 --> Session: Class initialized using 'CodeIgniter\Session\Handlers\FileHandler' driver.
DEBUG - 2026-04-19 01:44:55 --> Session: Class initialized using 'CodeIgniter\Session\Handlers\FileHandler' driver.
DEBUG - 2026-04-19 01:44:56 --> Session: Class initialized using 'CodeIgniter\Session\Handlers\FileHandler' driver.
WARNING - 2026-04-19 01:44:56 --> [DEPRECATED] trim(): Passing null to parameter #1 ($string) of type string is deprecated in APPPATH\Controllers\SpotifyController.php on line 37.
 1 APPPATH\Controllers\SpotifyController.php(37): trim(null)
 2 SYSTEMPATH\CodeIgniter.php(933): App\Controllers\SpotifyController->buscar()
 3 SYSTEMPATH\CodeIgniter.php(507): CodeIgniter\CodeIgniter->runController(Object(App\Controllers\SpotifyController))
 4 SYSTEMPATH\CodeIgniter.php(354): CodeIgniter\CodeIgniter->handleRequest(null, Object(Config\Cache), false)
 5 SYSTEMPATH\Boot.php(334): CodeIgniter\CodeIgniter->run()
 6 SYSTEMPATH\Boot.php(67): CodeIgniter\Boot::runCodeIgniter(Object(CodeIgniter\CodeIgniter))
 7 FCPATH\index.php(59): CodeIgniter\Boot::bootWeb(Object(Config\Paths))
DEBUG - 2026-04-19 01:44:56 --> Session: Class initialized using 'CodeIgniter\Session\Handlers\FileHandler' driver.
DEBUG - 2026-04-19 01:44:56 --> Session: Class initialized using 'CodeIgniter\Session\Handlers\FileHandler' driver.
DEBUG - 2026-04-19 01:44:57 --> Session: Class initialized using 'CodeIgniter\Session\Handlers\FileHandler' driver.
DEBUG - 2026-04-19 01:44:58 --> Session: Class initialized using 'CodeIgniter\Session\Handlers\FileHandler' driver.
WARNING - 2026-04-19 01:44:58 --> [DEPRECATED] trim(): Passing null to parameter #1 ($string) of type string is deprecated in APPPATH\Controllers\SpotifyController.php on line 37.
 1 APPPATH\Controllers\SpotifyController.php(37): trim(null)
 2 SYSTEMPATH\CodeIgniter.php(933): App\Controllers\SpotifyController->buscar()
 3 SYSTEMPATH\CodeIgniter.php(507): CodeIgniter\CodeIgniter->runController(Object(App\Controllers\SpotifyController))
 4 SYSTEMPATH\CodeIgniter.php(354): CodeIgniter\CodeIgniter->handleRequest(null, Object(Config\Cache), false)
 5 SYSTEMPATH\Boot.php(334): CodeIgniter\CodeIgniter->run()
 6 SYSTEMPATH\Boot.php(67): CodeIgniter\Boot::runCodeIgniter(Object(CodeIgniter\CodeIgniter))
 7 FCPATH\index.php(59): CodeIgniter\Boot::bootWeb(Object(Config\Paths))
DEBUG - 2026-04-19 01:44:58 --> Session: Class initialized using 'CodeIgniter\Session\Handlers\FileHandler' driver.
DEBUG - 2026-04-19 01:45:00 --> Session: Class initialized using 'CodeIgniter\Session\Handlers\FileHandler' driver.
DEBUG - 2026-04-19 01:45:01 --> Session: Class initialized using 'CodeIgniter\Session\Handlers\FileHandler' driver.
DEBUG - 2026-04-19 01:45:02 --> Session: Class initialized using 'CodeIgniter\Session\Handlers\FileHandler' driver.
WARNING - 2026-04-19 01:45:02 --> [DEPRECATED] trim(): Passing null to parameter #1 ($string) of type string is deprecated in APPPATH\Controllers\SpotifyController.php on line 37.
 1 APPPATH\Controllers\SpotifyController.php(37): trim(null)
 2 SYSTEMPATH\CodeIgniter.php(933): App\Controllers\SpotifyController->buscar()
 3 SYSTEMPATH\CodeIgniter.php(507): CodeIgniter\CodeIgniter->runController(Object(App\Controllers\SpotifyController))
 4 SYSTEMPATH\CodeIgniter.php(354): CodeIgniter\CodeIgniter->handleRequest(null, Object(Config\Cache), false)
 5 SYSTEMPATH\Boot.php(334): CodeIgniter\CodeIgniter->run()
 6 SYSTEMPATH\Boot.php(67): CodeIgniter\Boot::runCodeIgniter(Object(CodeIgniter\CodeIgniter))
 7 FCPATH\index.php(59): CodeIgniter\Boot::bootWeb(Object(Config\Paths))
DEBUG - 2026-04-19 01:45:02 --> Session: Class initialized using 'CodeIgniter\Session\Handlers\FileHandler' driver.
DEBUG - 2026-04-19 01:45:03 --> Session: Class initialized using 'CodeIgniter\Session\Handlers\FileHandler' driver.
DEBUG - 2026-04-19 01:45:04 --> Session: Class initialized using 'CodeIgniter\Session\Handlers\FileHandler' driver.
DEBUG - 2026-04-19 01:45:05 --> Session: Class initialized using 'CodeIgniter\Session\Handlers\FileHandler' driver.
DEBUG - 2026-04-19 01:45:05 --> Session: Class initialized using 'CodeIgniter\Session\Handlers\FileHandler' driver.
DEBUG - 2026-04-19 01:45:06 --> Session: Class initialized using 'CodeIgniter\Session\Handlers\FileHandler' driver.
DEBUG - 2026-04-19 01:45:06 --> Session: Class initialized using 'CodeIgniter\Session\Handlers\FileHandler' driver.
DEBUG - 2026-04-19 01:45:06 --> Session: Class initialized using 'CodeIgniter\Session\Handlers\FileHandler' driver.
DEBUG - 2026-04-19 01:45:07 --> Session: Class initialized using 'CodeIgniter\Session\Handlers\FileHandler' driver.
DEBUG - 2026-04-19 01:45:07 --> Session: Class initialized using 'CodeIgniter\Session\Handlers\FileHandler' driver.
WARNING - 2026-04-19 01:45:07 --> [DEPRECATED] trim(): Passing null to parameter #1 ($string) of type string is deprecated in APPPATH\Controllers\SpotifyController.php on line 37.
 1 APPPATH\Controllers\SpotifyController.php(37): trim(null)
 2 SYSTEMPATH\CodeIgniter.php(933): App\Controllers\SpotifyController->buscar()
 3 SYSTEMPATH\CodeIgniter.php(507): CodeIgniter\CodeIgniter->runController(Object(App\Controllers\SpotifyController))
 4 SYSTEMPATH\CodeIgniter.php(354): CodeIgniter\CodeIgniter->handleRequest(null, Object(Config\Cache), false)
 5 SYSTEMPATH\Boot.php(334): CodeIgniter\CodeIgniter->run()
 6 SYSTEMPATH\Boot.php(67): CodeIgniter\Boot::runCodeIgniter(Object(CodeIgniter\CodeIgniter))
 7 FCPATH\index.php(59): CodeIgniter\Boot::bootWeb(Object(Config\Paths))
DEBUG - 2026-04-19 01:45:07 --> Session: Class initialized using 'CodeIgniter\Session\Handlers\FileHandler' driver.
DEBUG - 2026-04-19 01:45:08 --> Session: Class initialized using 'CodeIgniter\Session\Handlers\FileHandler' driver.
WARNING - 2026-04-19 01:45:08 --> [DEPRECATED] trim(): Passing null to parameter #1 ($string) of type string is deprecated in APPPATH\Controllers\SpotifyController.php on line 37.
 1 APPPATH\Controllers\SpotifyController.php(37): trim(null)
 2 SYSTEMPATH\CodeIgniter.php(933): App\Controllers\SpotifyController->buscar()
 3 SYSTEMPATH\CodeIgniter.php(507): CodeIgniter\CodeIgniter->runController(Object(App\Controllers\SpotifyController))
 4 SYSTEMPATH\CodeIgniter.php(354): CodeIgniter\CodeIgniter->handleRequest(null, Object(Config\Cache), false)
 5 SYSTEMPATH\Boot.php(334): CodeIgniter\CodeIgniter->run()
 6 SYSTEMPATH\Boot.php(67): CodeIgniter\Boot::runCodeIgniter(Object(CodeIgniter\CodeIgniter))
 7 FCPATH\index.php(59): CodeIgniter\Boot::bootWeb(Object(Config\Paths))
DEBUG - 2026-04-19 01:45:08 --> Session: Class initialized using 'CodeIgniter\Session\Handlers\FileHandler' driver.
DEBUG - 2026-04-19 01:45:08 --> Session: Class initialized using 'CodeIgniter\Session\Handlers\FileHandler' driver.
DEBUG - 2026-04-19 01:45:09 --> Session: Class initialized using 'CodeIgniter\Session\Handlers\FileHandler' driver.
DEBUG - 2026-04-19 01:45:19 --> Session: Class initialized using 'CodeIgniter\Session\Handlers\FileHandler' driver.
DEBUG - 2026-04-19 01:45:19 --> Session: Class initialized using 'CodeIgniter\Session\Handlers\FileHandler' driver.
DEBUG - 2026-04-19 01:45:33 --> Session: Class initialized using 'CodeIgniter\Session\Handlers\FileHandler' driver.
WARNING - 2026-04-19 01:45:33 --> [DEPRECATED] trim(): Passing null to parameter #1 ($string) of type string is deprecated in APPPATH\Controllers\SpotifyController.php on line 37.
 1 APPPATH\Controllers\SpotifyController.php(37): trim(null)
 2 SYSTEMPATH\CodeIgniter.php(933): App\Controllers\SpotifyController->buscar()
 3 SYSTEMPATH\CodeIgniter.php(507): CodeIgniter\CodeIgniter->runController(Object(App\Controllers\SpotifyController))
 4 SYSTEMPATH\CodeIgniter.php(354): CodeIgniter\CodeIgniter->handleRequest(null, Object(Config\Cache), false)
 5 SYSTEMPATH\Boot.php(334): CodeIgniter\CodeIgniter->run()
 6 SYSTEMPATH\Boot.php(67): CodeIgniter\Boot::runCodeIgniter(Object(CodeIgniter\CodeIgniter))
 7 FCPATH\index.php(59): CodeIgniter\Boot::bootWeb(Object(Config\Paths))
DEBUG - 2026-04-19 01:45:43 --> Session: Class initialized using 'CodeIgniter\Session\Handlers\FileHandler' driver.
DEBUG - 2026-04-19 01:45:51 --> Session: Class initialized using 'CodeIgniter\Session\Handlers\FileHandler' driver.
DEBUG - 2026-04-19 01:45:59 --> Session: Class initialized using 'CodeIgniter\Session\Handlers\FileHandler' driver.
DEBUG - 2026-04-19 01:46:05 --> Session: Class initialized using 'CodeIgniter\Session\Handlers\FileHandler' driver.
DEBUG - 2026-04-19 01:46:12 --> Session: Class initialized using 'CodeIgniter\Session\Handlers\FileHandler' driver.
DEBUG - 2026-04-19 01:46:33 --> Session: Class initialized using 'CodeIgniter\Session\Handlers\FileHandler' driver.
DEBUG - 2026-04-19 02:15:42 --> Session: Class initialized using 'CodeIgniter\Session\Handlers\FileHandler' driver.
DEBUG - 2026-04-19 02:15:45 --> Session: Class initialized using 'CodeIgniter\Session\Handlers\FileHandler' driver.
DEBUG - 2026-04-19 02:15:45 --> Session: Class initialized using 'CodeIgniter\Session\Handlers\FileHandler' driver.
DEBUG - 2026-04-19 02:15:48 --> Session: Class initialized using 'CodeIgniter\Session\Handlers\FileHandler' driver.
DEBUG - 2026-04-19 02:15:48 --> Session: Class initialized using 'CodeIgniter\Session\Handlers\FileHandler' driver.
DEBUG - 2026-04-19 02:15:48 --> Session: Class initialized using 'CodeIgniter\Session\Handlers\FileHandler' driver.
WARNING - 2026-04-19 02:15:48 --> [DEPRECATED] trim(): Passing null to parameter #1 ($string) of type string is deprecated in APPPATH\Controllers\SpotifyController.php on line 37.
 1 APPPATH\Controllers\SpotifyController.php(37): trim(null)
 2 SYSTEMPATH\CodeIgniter.php(933): App\Controllers\SpotifyController->buscar()
 3 SYSTEMPATH\CodeIgniter.php(507): CodeIgniter\CodeIgniter->runController(Object(App\Controllers\SpotifyController))
 4 SYSTEMPATH\CodeIgniter.php(354): CodeIgniter\CodeIgniter->handleRequest(null, Object(Config\Cache), false)
 5 SYSTEMPATH\Boot.php(334): CodeIgniter\CodeIgniter->run()
 6 SYSTEMPATH\Boot.php(67): CodeIgniter\Boot::runCodeIgniter(Object(CodeIgniter\CodeIgniter))
 7 FCPATH\index.php(59): CodeIgniter\Boot::bootWeb(Object(Config\Paths))
DEBUG - 2026-04-19 02:15:49 --> Session: Class initialized using 'CodeIgniter\Session\Handlers\FileHandler' driver.
DEBUG - 2026-04-19 02:15:49 --> Session: Class initialized using 'CodeIgniter\Session\Handlers\FileHandler' driver.
DEBUG - 2026-04-19 02:15:49 --> Session: Class initialized using 'CodeIgniter\Session\Handlers\FileHandler' driver.
DEBUG - 2026-04-19 02:15:49 --> Session: Class initialized using 'CodeIgniter\Session\Handlers\FileHandler' driver.
DEBUG - 2026-04-19 02:15:49 --> Session: Class initialized using 'CodeIgniter\Session\Handlers\FileHandler' driver.
DEBUG - 2026-04-19 02:16:32 --> Session: Class initialized using 'CodeIgniter\Session\Handlers\FileHandler' driver.
DEBUG - 2026-04-19 02:16:32 --> Session: Class initialized using 'CodeIgniter\Session\Handlers\FileHandler' driver.
DEBUG - 2026-04-19 02:16:54 --> Session: Class initialized using 'CodeIgniter\Session\Handlers\FileHandler' driver.
DEBUG - 2026-04-19 02:16:55 --> Session: Class initialized using 'CodeIgniter\Session\Handlers\FileHandler' driver.
DEBUG - 2026-04-19 02:17:00 --> Session: Class initialized using 'CodeIgniter\Session\Handlers\FileHandler' driver.
DEBUG - 2026-04-19 02:17:00 --> Session: Class initialized using 'CodeIgniter\Session\Handlers\FileHandler' driver.
DEBUG - 2026-04-19 02:17:02 --> Session: Class initialized using 'CodeIgniter\Session\Handlers\FileHandler' driver.
WARNING - 2026-04-19 02:17:02 --> [DEPRECATED] trim(): Passing null to parameter #1 ($string) of type string is deprecated in APPPATH\Controllers\SpotifyController.php on line 37.
 1 APPPATH\Controllers\SpotifyController.php(37): trim(null)
 2 SYSTEMPATH\CodeIgniter.php(933): App\Controllers\SpotifyController->buscar()
 3 SYSTEMPATH\CodeIgniter.php(507): CodeIgniter\CodeIgniter->runController(Object(App\Controllers\SpotifyController))
 4 SYSTEMPATH\CodeIgniter.php(354): CodeIgniter\CodeIgniter->handleRequest(null, Object(Config\Cache), false)
 5 SYSTEMPATH\Boot.php(334): CodeIgniter\CodeIgniter->run()
 6 SYSTEMPATH\Boot.php(67): CodeIgniter\Boot::runCodeIgniter(Object(CodeIgniter\CodeIgniter))
 7 FCPATH\index.php(59): CodeIgniter\Boot::bootWeb(Object(Config\Paths))
DEBUG - 2026-04-19 02:17:05 --> Session: Class initialized using 'CodeIgniter\Session\Handlers\FileHandler' driver.
DEBUG - 2026-04-19 02:17:16 --> Session: Class initialized using 'CodeIgniter\Session\Handlers\FileHandler' driver.
DEBUG - 2026-04-19 02:25:14 --> Session: Class initialized using 'CodeIgniter\Session\Handlers\FileHandler' driver.
DEBUG - 2026-04-19 02:26:18 --> Session: Class initialized using 'CodeIgniter\Session\Handlers\FileHandler' driver.
DEBUG - 2026-04-19 02:26:19 --> Session: Class initialized using 'CodeIgniter\Session\Handlers\FileHandler' driver.
DEBUG - 2026-04-19 02:26:22 --> Session: Class initialized using 'CodeIgniter\Session\Handlers\FileHandler' driver.
DEBUG - 2026-04-19 02:26:24 --> Session: Class initialized using 'CodeIgniter\Session\Handlers\FileHandler' driver.
WARNING - 2026-04-19 02:26:24 --> [DEPRECATED] trim(): Passing null to parameter #1 ($string) of type string is deprecated in APPPATH\Controllers\SpotifyController.php on line 37.
 1 APPPATH\Controllers\SpotifyController.php(37): trim(null)
 2 SYSTEMPATH\CodeIgniter.php(933): App\Controllers\SpotifyController->buscar()
 3 SYSTEMPATH\CodeIgniter.php(507): CodeIgniter\CodeIgniter->runController(Object(App\Controllers\SpotifyController))
 4 SYSTEMPATH\CodeIgniter.php(354): CodeIgniter\CodeIgniter->handleRequest(null, Object(Config\Cache), false)
 5 SYSTEMPATH\Boot.php(334): CodeIgniter\CodeIgniter->run()
 6 SYSTEMPATH\Boot.php(67): CodeIgniter\Boot::runCodeIgniter(Object(CodeIgniter\CodeIgniter))
 7 FCPATH\index.php(59): CodeIgniter\Boot::bootWeb(Object(Config\Paths))
DEBUG - 2026-04-19 02:26:25 --> Session: Class initialized using 'CodeIgniter\Session\Handlers\FileHandler' driver.
DEBUG - 2026-04-19 02:31:23 --> Session: Class initialized using 'CodeIgniter\Session\Handlers\FileHandler' driver.
ERROR - 2026-04-19 02:31:23 --> mysqli_sql_exception: Unknown column 'ul.userLibrary_Activo' in 'on clause' in C:\xampp1\htdocs\Spotify-Chafa-3\vendor\codeigniter4\framework\system\Database\MySQLi\Connection.php:327
Stack trace:
#0 C:\xampp1\htdocs\Spotify-Chafa-3\vendor\codeigniter4\framework\system\Database\MySQLi\Connection.php(327): mysqli->query('\r\n            S...', 0)
#1 C:\xampp1\htdocs\Spotify-Chafa-3\vendor\codeigniter4\framework\system\Database\BaseConnection.php(738): CodeIgniter\Database\MySQLi\Connection->execute('\r\n            S...')
#2 C:\xampp1\htdocs\Spotify-Chafa-3\vendor\codeigniter4\framework\system\Database\BaseConnection.php(652): CodeIgniter\Database\BaseConnection->simpleQuery('\r\n            S...')
#3 C:\xampp1\htdocs\Spotify-Chafa-3\app\Controllers\SpotifyController.php(16): CodeIgniter\Database\BaseConnection->query('\r\n            S...', Array)
#4 C:\xampp1\htdocs\Spotify-Chafa-3\vendor\codeigniter4\framework\system\CodeIgniter.php(933): App\Controllers\SpotifyController->home()
#5 C:\xampp1\htdocs\Spotify-Chafa-3\vendor\codeigniter4\framework\system\CodeIgniter.php(507): CodeIgniter\CodeIgniter->runController(Object(App\Controllers\SpotifyController))
#6 C:\xampp1\htdocs\Spotify-Chafa-3\vendor\codeigniter4\framework\system\CodeIgniter.php(354): CodeIgniter\CodeIgniter->handleRequest(NULL, Object(Config\Cache), false)
#7 C:\xampp1\htdocs\Spotify-Chafa-3\vendor\codeigniter4\framework\system\Boot.php(334): CodeIgniter\CodeIgniter->run()
#8 C:\xampp1\htdocs\Spotify-Chafa-3\vendor\codeigniter4\framework\system\Boot.php(67): CodeIgniter\Boot::runCodeIgniter(Object(CodeIgniter\CodeIgniter))
#9 C:\xampp1\htdocs\Spotify-Chafa-3\public\index.php(59): CodeIgniter\Boot::bootWeb(Object(Config\Paths))
#10 {main}
CRITICAL - 2026-04-19 02:31:23 --> CodeIgniter\Database\Exceptions\DatabaseException: Unknown column 'ul.userLibrary_Activo' in 'on clause'
[Method: GET, Route: spotify/home]
in SYSTEMPATH\Database\BaseConnection.php on line 692.
 1 APPPATH\Controllers\SpotifyController.php(16): CodeIgniter\Database\BaseConnection->query('
            SELECT 
                m.*, 
                i.image_Url,
                CASE 
                    WHEN ul.userLibrary_Id IS NULL THEN 0
                    ELSE 1
                END AS enBiblioteca
            FROM tbl_ope_music m
            LEFT JOIN tbl_ope_image i 
                ON m.music_ImageId = i.image_Id
            LEFT JOIN tbl_rel_user_library ul
                ON ul.music_Id = m.music_Id
                AND ul.user_Id = ?
                AND ul.userLibrary_Activo = 1
            WHERE m.music_Activo = 1
            ORDER BY m.music_Id DESC
        ', [...])
 2 SYSTEMPATH\CodeIgniter.php(933): App\Controllers\SpotifyController->home()
 3 SYSTEMPATH\CodeIgniter.php(507): CodeIgniter\CodeIgniter->runController(Object(App\Controllers\SpotifyController))
 4 SYSTEMPATH\CodeIgniter.php(354): CodeIgniter\CodeIgniter->handleRequest(null, Object(Config\Cache), false)
 5 SYSTEMPATH\Boot.php(334): CodeIgniter\CodeIgniter->run()
 6 SYSTEMPATH\Boot.php(67): CodeIgniter\Boot::runCodeIgniter(Object(CodeIgniter\CodeIgniter))
 7 FCPATH\index.php(59): CodeIgniter\Boot::bootWeb(Object(Config\Paths))
CRITICAL - 2026-04-19 02:31:23 --> [Caused by] CodeIgniter\Database\Exceptions\DatabaseException: Unknown column 'ul.userLibrary_Activo' in 'on clause'
in SYSTEMPATH\Database\MySQLi\Connection.php on line 332.
 1 SYSTEMPATH\Database\BaseConnection.php(738): CodeIgniter\Database\MySQLi\Connection->execute('
            SELECT 
                m.*, 
                i.image_Url,
                CASE 
                    WHEN ul.userLibrary_Id IS NULL THEN 0
                    ELSE 1
                END AS enBiblioteca
            FROM tbl_ope_music m
            LEFT JOIN tbl_ope_image i 
                ON m.music_ImageId = i.image_Id
            LEFT JOIN tbl_rel_user_library ul
                ON ul.music_Id = m.music_Id
                AND ul.user_Id = \'3\'
                AND ul.userLibrary_Activo = 1
            WHERE m.music_Activo = 1
            ORDER BY m.music_Id DESC
        ')
 2 SYSTEMPATH\Database\BaseConnection.php(652): CodeIgniter\Database\BaseConnection->simpleQuery('
            SELECT 
                m.*, 
                i.image_Url,
                CASE 
                    WHEN ul.userLibrary_Id IS NULL THEN 0
                    ELSE 1
                END AS enBiblioteca
            FROM tbl_ope_music m
            LEFT JOIN tbl_ope_image i 
                ON m.music_ImageId = i.image_Id
            LEFT JOIN tbl_rel_user_library ul
                ON ul.music_Id = m.music_Id
                AND ul.user_Id = \'3\'
                AND ul.userLibrary_Activo = 1
            WHERE m.music_Activo = 1
            ORDER BY m.music_Id DESC
        ')
 3 APPPATH\Controllers\SpotifyController.php(16): CodeIgniter\Database\BaseConnection->query('
            SELECT 
                m.*, 
                i.image_Url,
                CASE 
                    WHEN ul.userLibrary_Id IS NULL THEN 0
                    ELSE 1
                END AS enBiblioteca
            FROM tbl_ope_music m
            LEFT JOIN tbl_ope_image i 
                ON m.music_ImageId = i.image_Id
            LEFT JOIN tbl_rel_user_library ul
                ON ul.music_Id = m.music_Id
                AND ul.user_Id = ?
                AND ul.userLibrary_Activo = 1
            WHERE m.music_Activo = 1
            ORDER BY m.music_Id DESC
        ', [...])
 4 SYSTEMPATH\CodeIgniter.php(933): App\Controllers\SpotifyController->home()
 5 SYSTEMPATH\CodeIgniter.php(507): CodeIgniter\CodeIgniter->runController(Object(App\Controllers\SpotifyController))
 6 SYSTEMPATH\CodeIgniter.php(354): CodeIgniter\CodeIgniter->handleRequest(null, Object(Config\Cache), false)
 7 SYSTEMPATH\Boot.php(334): CodeIgniter\CodeIgniter->run()
 8 SYSTEMPATH\Boot.php(67): CodeIgniter\Boot::runCodeIgniter(Object(CodeIgniter\CodeIgniter))
 9 FCPATH\index.php(59): CodeIgniter\Boot::bootWeb(Object(Config\Paths))
CRITICAL - 2026-04-19 02:31:23 --> [Caused by] mysqli_sql_exception: Unknown column 'ul.userLibrary_Activo' in 'on clause'
in SYSTEMPATH\Database\MySQLi\Connection.php on line 327.
 1 SYSTEMPATH\Database\MySQLi\Connection.php(327): mysqli->query('
            SELECT 
                m.*, 
                i.image_Url,
                CASE 
                    WHEN ul.userLibrary_Id IS NULL THEN 0
                    ELSE 1
                END AS enBiblioteca
            FROM tbl_ope_music m
            LEFT JOIN tbl_ope_image i 
                ON m.music_ImageId = i.image_Id
            LEFT JOIN tbl_rel_user_library ul
                ON ul.music_Id = m.music_Id
                AND ul.user_Id = \'3\'
                AND ul.userLibrary_Activo = 1
            WHERE m.music_Activo = 1
            ORDER BY m.music_Id DESC
        ', 0)
 2 SYSTEMPATH\Database\BaseConnection.php(738): CodeIgniter\Database\MySQLi\Connection->execute('
            SELECT 
                m.*, 
                i.image_Url,
                CASE 
                    WHEN ul.userLibrary_Id IS NULL THEN 0
                    ELSE 1
                END AS enBiblioteca
            FROM tbl_ope_music m
            LEFT JOIN tbl_ope_image i 
                ON m.music_ImageId = i.image_Id
            LEFT JOIN tbl_rel_user_library ul
                ON ul.music_Id = m.music_Id
                AND ul.user_Id = \'3\'
                AND ul.userLibrary_Activo = 1
            WHERE m.music_Activo = 1
            ORDER BY m.music_Id DESC
        ')
 3 SYSTEMPATH\Database\BaseConnection.php(652): CodeIgniter\Database\BaseConnection->simpleQuery('
            SELECT 
                m.*, 
                i.image_Url,
                CASE 
                    WHEN ul.userLibrary_Id IS NULL THEN 0
                    ELSE 1
                END AS enBiblioteca
            FROM tbl_ope_music m
            LEFT JOIN tbl_ope_image i 
                ON m.music_ImageId = i.image_Id
            LEFT JOIN tbl_rel_user_library ul
                ON ul.music_Id = m.music_Id
                AND ul.user_Id = \'3\'
                AND ul.userLibrary_Activo = 1
            WHERE m.music_Activo = 1
            ORDER BY m.music_Id DESC
        ')
 4 APPPATH\Controllers\SpotifyController.php(16): CodeIgniter\Database\BaseConnection->query('
            SELECT 
                m.*, 
                i.image_Url,
                CASE 
                    WHEN ul.userLibrary_Id IS NULL THEN 0
                    ELSE 1
                END AS enBiblioteca
            FROM tbl_ope_music m
            LEFT JOIN tbl_ope_image i 
                ON m.music_ImageId = i.image_Id
            LEFT JOIN tbl_rel_user_library ul
                ON ul.music_Id = m.music_Id
                AND ul.user_Id = ?
                AND ul.userLibrary_Activo = 1
            WHERE m.music_Activo = 1
            ORDER BY m.music_Id DESC
        ', [...])
 5 SYSTEMPATH\CodeIgniter.php(933): App\Controllers\SpotifyController->home()
 6 SYSTEMPATH\CodeIgniter.php(507): CodeIgniter\CodeIgniter->runController(Object(App\Controllers\SpotifyController))
 7 SYSTEMPATH\CodeIgniter.php(354): CodeIgniter\CodeIgniter->handleRequest(null, Object(Config\Cache), false)
 8 SYSTEMPATH\Boot.php(334): CodeIgniter\CodeIgniter->run()
 9 SYSTEMPATH\Boot.php(67): CodeIgniter\Boot::runCodeIgniter(Object(CodeIgniter\CodeIgniter))
10 FCPATH\index.php(59): CodeIgniter\Boot::bootWeb(Object(Config\Paths))
DEBUG - 2026-04-19 02:32:02 --> Session: Class initialized using 'CodeIgniter\Session\Handlers\FileHandler' driver.
ERROR - 2026-04-19 02:32:03 --> mysqli_sql_exception: Unknown column 'CASE WHEN ul.userLibrary_Id IS NULL THEN 0 ELSE 1 END' in 'field list' in C:\xampp1\htdocs\Spotify-Chafa-3\vendor\codeigniter4\framework\system\Database\MySQLi\Connection.php:327
Stack trace:
#0 C:\xampp1\htdocs\Spotify-Chafa-3\vendor\codeigniter4\framework\system\Database\MySQLi\Connection.php(327): mysqli->query('SELECT `m`.*, `...', 0)
#1 C:\xampp1\htdocs\Spotify-Chafa-3\vendor\codeigniter4\framework\system\Database\BaseConnection.php(738): CodeIgniter\Database\MySQLi\Connection->execute('SELECT `m`.*, `...')
#2 C:\xampp1\htdocs\Spotify-Chafa-3\vendor\codeigniter4\framework\system\Database\BaseConnection.php(652): CodeIgniter\Database\BaseConnection->simpleQuery('SELECT `m`.*, `...')
#3 C:\xampp1\htdocs\Spotify-Chafa-3\vendor\codeigniter4\framework\system\Database\BaseBuilder.php(1649): CodeIgniter\Database\BaseConnection->query('SELECT `m`.*, `...', Array, false)
#4 C:\xampp1\htdocs\Spotify-Chafa-3\app\Controllers\SpotifyController.php(73): CodeIgniter\Database\BaseBuilder->get()
#5 C:\xampp1\htdocs\Spotify-Chafa-3\vendor\codeigniter4\framework\system\CodeIgniter.php(933): App\Controllers\SpotifyController->buscar()
#6 C:\xampp1\htdocs\Spotify-Chafa-3\vendor\codeigniter4\framework\system\CodeIgniter.php(507): CodeIgniter\CodeIgniter->runController(Object(App\Controllers\SpotifyController))
#7 C:\xampp1\htdocs\Spotify-Chafa-3\vendor\codeigniter4\framework\system\CodeIgniter.php(354): CodeIgniter\CodeIgniter->handleRequest(NULL, Object(Config\Cache), false)
#8 C:\xampp1\htdocs\Spotify-Chafa-3\vendor\codeigniter4\framework\system\Boot.php(334): CodeIgniter\CodeIgniter->run()
#9 C:\xampp1\htdocs\Spotify-Chafa-3\vendor\codeigniter4\framework\system\Boot.php(67): CodeIgniter\Boot::runCodeIgniter(Object(CodeIgniter\CodeIgniter))
#10 C:\xampp1\htdocs\Spotify-Chafa-3\public\index.php(59): CodeIgniter\Boot::bootWeb(Object(Config\Paths))
#11 {main}
CRITICAL - 2026-04-19 02:32:03 --> CodeIgniter\Database\Exceptions\DatabaseException: Unknown column 'CASE WHEN ul.userLibrary_Id IS NULL THEN 0 ELSE 1 END' in 'field list'
[Method: GET, Route: spotify/buscar]
in SYSTEMPATH\Database\BaseConnection.php on line 692.
 1 SYSTEMPATH\Database\BaseBuilder.php(1649): CodeIgniter\Database\BaseConnection->query('SELECT `m`.*, `i`.`image_Url`, `CASE WHEN ul`.`userLibrary_Id IS NULL THEN 0 ELSE 1 END` AS `enBiblioteca`
FROM `tbl_ope_music` `m`
LEFT JOIN `tbl_ope_image` `i` ON `m`.`music_ImageId` = `i`.`image_Id`
LEFT JOIN `tbl_rel_user_library` `ul` ON `ul`.`music_Id` = `m`.`music_Id` AND `ul`.`user_Id` = 3 AND `ul`.`userLibrary_Activo` = 1
WHERE `m`.`music_Activo` = :m.music_Activo:', [...], false)
 2 APPPATH\Controllers\SpotifyController.php(73): CodeIgniter\Database\BaseBuilder->get()
 3 SYSTEMPATH\CodeIgniter.php(933): App\Controllers\SpotifyController->buscar()
 4 SYSTEMPATH\CodeIgniter.php(507): CodeIgniter\CodeIgniter->runController(Object(App\Controllers\SpotifyController))
 5 SYSTEMPATH\CodeIgniter.php(354): CodeIgniter\CodeIgniter->handleRequest(null, Object(Config\Cache), false)
 6 SYSTEMPATH\Boot.php(334): CodeIgniter\CodeIgniter->run()
 7 SYSTEMPATH\Boot.php(67): CodeIgniter\Boot::runCodeIgniter(Object(CodeIgniter\CodeIgniter))
 8 FCPATH\index.php(59): CodeIgniter\Boot::bootWeb(Object(Config\Paths))
CRITICAL - 2026-04-19 02:32:03 --> [Caused by] CodeIgniter\Database\Exceptions\DatabaseException: Unknown column 'CASE WHEN ul.userLibrary_Id IS NULL THEN 0 ELSE 1 END' in 'field list'
in SYSTEMPATH\Database\MySQLi\Connection.php on line 332.
 1 SYSTEMPATH\Database\BaseConnection.php(738): CodeIgniter\Database\MySQLi\Connection->execute('SELECT `m`.*, `i`.`image_Url`, `CASE WHEN ul`.`userLibrary_Id IS NULL THEN 0 ELSE 1 END` AS `enBiblioteca`
FROM `tbl_ope_music` `m`
LEFT JOIN `tbl_ope_image` `i` ON `m`.`music_ImageId` = `i`.`image_Id`
LEFT JOIN `tbl_rel_user_library` `ul` ON `ul`.`music_Id` = `m`.`music_Id` AND `ul`.`user_Id` = 3 AND `ul`.`userLibrary_Activo` = 1
WHERE `m`.`music_Activo` = 1')
 2 SYSTEMPATH\Database\BaseConnection.php(652): CodeIgniter\Database\BaseConnection->simpleQuery('SELECT `m`.*, `i`.`image_Url`, `CASE WHEN ul`.`userLibrary_Id IS NULL THEN 0 ELSE 1 END` AS `enBiblioteca`
FROM `tbl_ope_music` `m`
LEFT JOIN `tbl_ope_image` `i` ON `m`.`music_ImageId` = `i`.`image_Id`
LEFT JOIN `tbl_rel_user_library` `ul` ON `ul`.`music_Id` = `m`.`music_Id` AND `ul`.`user_Id` = 3 AND `ul`.`userLibrary_Activo` = 1
WHERE `m`.`music_Activo` = 1')
 3 SYSTEMPATH\Database\BaseBuilder.php(1649): CodeIgniter\Database\BaseConnection->query('SELECT `m`.*, `i`.`image_Url`, `CASE WHEN ul`.`userLibrary_Id IS NULL THEN 0 ELSE 1 END` AS `enBiblioteca`
FROM `tbl_ope_music` `m`
LEFT JOIN `tbl_ope_image` `i` ON `m`.`music_ImageId` = `i`.`image_Id`
LEFT JOIN `tbl_rel_user_library` `ul` ON `ul`.`music_Id` = `m`.`music_Id` AND `ul`.`user_Id` = 3 AND `ul`.`userLibrary_Activo` = 1
WHERE `m`.`music_Activo` = :m.music_Activo:', [...], false)
 4 APPPATH\Controllers\SpotifyController.php(73): CodeIgniter\Database\BaseBuilder->get()
 5 SYSTEMPATH\CodeIgniter.php(933): App\Controllers\SpotifyController->buscar()
 6 SYSTEMPATH\CodeIgniter.php(507): CodeIgniter\CodeIgniter->runController(Object(App\Controllers\SpotifyController))
 7 SYSTEMPATH\CodeIgniter.php(354): CodeIgniter\CodeIgniter->handleRequest(null, Object(Config\Cache), false)
 8 SYSTEMPATH\Boot.php(334): CodeIgniter\CodeIgniter->run()
 9 SYSTEMPATH\Boot.php(67): CodeIgniter\Boot::runCodeIgniter(Object(CodeIgniter\CodeIgniter))
10 FCPATH\index.php(59): CodeIgniter\Boot::bootWeb(Object(Config\Paths))
CRITICAL - 2026-04-19 02:32:03 --> [Caused by] mysqli_sql_exception: Unknown column 'CASE WHEN ul.userLibrary_Id IS NULL THEN 0 ELSE 1 END' in 'field list'
in SYSTEMPATH\Database\MySQLi\Connection.php on line 327.
 1 SYSTEMPATH\Database\MySQLi\Connection.php(327): mysqli->query('SELECT `m`.*, `i`.`image_Url`, `CASE WHEN ul`.`userLibrary_Id IS NULL THEN 0 ELSE 1 END` AS `enBiblioteca`
FROM `tbl_ope_music` `m`
LEFT JOIN `tbl_ope_image` `i` ON `m`.`music_ImageId` = `i`.`image_Id`
LEFT JOIN `tbl_rel_user_library` `ul` ON `ul`.`music_Id` = `m`.`music_Id` AND `ul`.`user_Id` = 3 AND `ul`.`userLibrary_Activo` = 1
WHERE `m`.`music_Activo` = 1', 0)
 2 SYSTEMPATH\Database\BaseConnection.php(738): CodeIgniter\Database\MySQLi\Connection->execute('SELECT `m`.*, `i`.`image_Url`, `CASE WHEN ul`.`userLibrary_Id IS NULL THEN 0 ELSE 1 END` AS `enBiblioteca`
FROM `tbl_ope_music` `m`
LEFT JOIN `tbl_ope_image` `i` ON `m`.`music_ImageId` = `i`.`image_Id`
LEFT JOIN `tbl_rel_user_library` `ul` ON `ul`.`music_Id` = `m`.`music_Id` AND `ul`.`user_Id` = 3 AND `ul`.`userLibrary_Activo` = 1
WHERE `m`.`music_Activo` = 1')
 3 SYSTEMPATH\Database\BaseConnection.php(652): CodeIgniter\Database\BaseConnection->simpleQuery('SELECT `m`.*, `i`.`image_Url`, `CASE WHEN ul`.`userLibrary_Id IS NULL THEN 0 ELSE 1 END` AS `enBiblioteca`
FROM `tbl_ope_music` `m`
LEFT JOIN `tbl_ope_image` `i` ON `m`.`music_ImageId` = `i`.`image_Id`
LEFT JOIN `tbl_rel_user_library` `ul` ON `ul`.`music_Id` = `m`.`music_Id` AND `ul`.`user_Id` = 3 AND `ul`.`userLibrary_Activo` = 1
WHERE `m`.`music_Activo` = 1')
 4 SYSTEMPATH\Database\BaseBuilder.php(1649): CodeIgniter\Database\BaseConnection->query('SELECT `m`.*, `i`.`image_Url`, `CASE WHEN ul`.`userLibrary_Id IS NULL THEN 0 ELSE 1 END` AS `enBiblioteca`
FROM `tbl_ope_music` `m`
LEFT JOIN `tbl_ope_image` `i` ON `m`.`music_ImageId` = `i`.`image_Id`
LEFT JOIN `tbl_rel_user_library` `ul` ON `ul`.`music_Id` = `m`.`music_Id` AND `ul`.`user_Id` = 3 AND `ul`.`userLibrary_Activo` = 1
WHERE `m`.`music_Activo` = :m.music_Activo:', [...], false)
 5 APPPATH\Controllers\SpotifyController.php(73): CodeIgniter\Database\BaseBuilder->get()
 6 SYSTEMPATH\CodeIgniter.php(933): App\Controllers\SpotifyController->buscar()
 7 SYSTEMPATH\CodeIgniter.php(507): CodeIgniter\CodeIgniter->runController(Object(App\Controllers\SpotifyController))
 8 SYSTEMPATH\CodeIgniter.php(354): CodeIgniter\CodeIgniter->handleRequest(null, Object(Config\Cache), false)
 9 SYSTEMPATH\Boot.php(334): CodeIgniter\CodeIgniter->run()
10 SYSTEMPATH\Boot.php(67): CodeIgniter\Boot::runCodeIgniter(Object(CodeIgniter\CodeIgniter))
11 FCPATH\index.php(59): CodeIgniter\Boot::bootWeb(Object(Config\Paths))
DEBUG - 2026-04-19 02:32:04 --> Session: Class initialized using 'CodeIgniter\Session\Handlers\FileHandler' driver.
ERROR - 2026-04-19 02:32:04 --> mysqli_sql_exception: Unknown column 'ul.userLibrary_Activo' in 'on clause' in C:\xampp1\htdocs\Spotify-Chafa-3\vendor\codeigniter4\framework\system\Database\MySQLi\Connection.php:327
Stack trace:
#0 C:\xampp1\htdocs\Spotify-Chafa-3\vendor\codeigniter4\framework\system\Database\MySQLi\Connection.php(327): mysqli->query('\r\n            S...', 0)
#1 C:\xampp1\htdocs\Spotify-Chafa-3\vendor\codeigniter4\framework\system\Database\BaseConnection.php(738): CodeIgniter\Database\MySQLi\Connection->execute('\r\n            S...')
#2 C:\xampp1\htdocs\Spotify-Chafa-3\vendor\codeigniter4\framework\system\Database\BaseConnection.php(652): CodeIgniter\Database\BaseConnection->simpleQuery('\r\n            S...')
#3 C:\xampp1\htdocs\Spotify-Chafa-3\app\Controllers\SpotifyController.php(16): CodeIgniter\Database\BaseConnection->query('\r\n            S...', Array)
#4 C:\xampp1\htdocs\Spotify-Chafa-3\vendor\codeigniter4\framework\system\CodeIgniter.php(933): App\Controllers\SpotifyController->home()
#5 C:\xampp1\htdocs\Spotify-Chafa-3\vendor\codeigniter4\framework\system\CodeIgniter.php(507): CodeIgniter\CodeIgniter->runController(Object(App\Controllers\SpotifyController))
#6 C:\xampp1\htdocs\Spotify-Chafa-3\vendor\codeigniter4\framework\system\CodeIgniter.php(354): CodeIgniter\CodeIgniter->handleRequest(NULL, Object(Config\Cache), false)
#7 C:\xampp1\htdocs\Spotify-Chafa-3\vendor\codeigniter4\framework\system\Boot.php(334): CodeIgniter\CodeIgniter->run()
#8 C:\xampp1\htdocs\Spotify-Chafa-3\vendor\codeigniter4\framework\system\Boot.php(67): CodeIgniter\Boot::runCodeIgniter(Object(CodeIgniter\CodeIgniter))
#9 C:\xampp1\htdocs\Spotify-Chafa-3\public\index.php(59): CodeIgniter\Boot::bootWeb(Object(Config\Paths))
#10 {main}
CRITICAL - 2026-04-19 02:32:04 --> CodeIgniter\Database\Exceptions\DatabaseException: Unknown column 'ul.userLibrary_Activo' in 'on clause'
[Method: GET, Route: spotify/home]
in SYSTEMPATH\Database\BaseConnection.php on line 692.
 1 APPPATH\Controllers\SpotifyController.php(16): CodeIgniter\Database\BaseConnection->query('
            SELECT 
                m.*, 
                i.image_Url,
                CASE 
                    WHEN ul.userLibrary_Id IS NULL THEN 0
                    ELSE 1
                END AS enBiblioteca
            FROM tbl_ope_music m
            LEFT JOIN tbl_ope_image i 
                ON m.music_ImageId = i.image_Id
            LEFT JOIN tbl_rel_user_library ul
                ON ul.music_Id = m.music_Id
                AND ul.user_Id = ?
                AND ul.userLibrary_Activo = 1
            WHERE m.music_Activo = 1
            ORDER BY m.music_Id DESC
        ', [...])
 2 SYSTEMPATH\CodeIgniter.php(933): App\Controllers\SpotifyController->home()
 3 SYSTEMPATH\CodeIgniter.php(507): CodeIgniter\CodeIgniter->runController(Object(App\Controllers\SpotifyController))
 4 SYSTEMPATH\CodeIgniter.php(354): CodeIgniter\CodeIgniter->handleRequest(null, Object(Config\Cache), false)
 5 SYSTEMPATH\Boot.php(334): CodeIgniter\CodeIgniter->run()
 6 SYSTEMPATH\Boot.php(67): CodeIgniter\Boot::runCodeIgniter(Object(CodeIgniter\CodeIgniter))
 7 FCPATH\index.php(59): CodeIgniter\Boot::bootWeb(Object(Config\Paths))
CRITICAL - 2026-04-19 02:32:04 --> [Caused by] CodeIgniter\Database\Exceptions\DatabaseException: Unknown column 'ul.userLibrary_Activo' in 'on clause'
in SYSTEMPATH\Database\MySQLi\Connection.php on line 332.
 1 SYSTEMPATH\Database\BaseConnection.php(738): CodeIgniter\Database\MySQLi\Connection->execute('
            SELECT 
                m.*, 
                i.image_Url,
                CASE 
                    WHEN ul.userLibrary_Id IS NULL THEN 0
                    ELSE 1
                END AS enBiblioteca
            FROM tbl_ope_music m
            LEFT JOIN tbl_ope_image i 
                ON m.music_ImageId = i.image_Id
            LEFT JOIN tbl_rel_user_library ul
                ON ul.music_Id = m.music_Id
                AND ul.user_Id = \'3\'
                AND ul.userLibrary_Activo = 1
            WHERE m.music_Activo = 1
            ORDER BY m.music_Id DESC
        ')
 2 SYSTEMPATH\Database\BaseConnection.php(652): CodeIgniter\Database\BaseConnection->simpleQuery('
            SELECT 
                m.*, 
                i.image_Url,
                CASE 
                    WHEN ul.userLibrary_Id IS NULL THEN 0
                    ELSE 1
                END AS enBiblioteca
            FROM tbl_ope_music m
            LEFT JOIN tbl_ope_image i 
                ON m.music_ImageId = i.image_Id
            LEFT JOIN tbl_rel_user_library ul
                ON ul.music_Id = m.music_Id
                AND ul.user_Id = \'3\'
                AND ul.userLibrary_Activo = 1
            WHERE m.music_Activo = 1
            ORDER BY m.music_Id DESC
        ')
 3 APPPATH\Controllers\SpotifyController.php(16): CodeIgniter\Database\BaseConnection->query('
            SELECT 
                m.*, 
                i.image_Url,
                CASE 
                    WHEN ul.userLibrary_Id IS NULL THEN 0
                    ELSE 1
                END AS enBiblioteca
            FROM tbl_ope_music m
            LEFT JOIN tbl_ope_image i 
                ON m.music_ImageId = i.image_Id
            LEFT JOIN tbl_rel_user_library ul
                ON ul.music_Id = m.music_Id
                AND ul.user_Id = ?
                AND ul.userLibrary_Activo = 1
            WHERE m.music_Activo = 1
            ORDER BY m.music_Id DESC
        ', [...])
 4 SYSTEMPATH\CodeIgniter.php(933): App\Controllers\SpotifyController->home()
 5 SYSTEMPATH\CodeIgniter.php(507): CodeIgniter\CodeIgniter->runController(Object(App\Controllers\SpotifyController))
 6 SYSTEMPATH\CodeIgniter.php(354): CodeIgniter\CodeIgniter->handleRequest(null, Object(Config\Cache), false)
 7 SYSTEMPATH\Boot.php(334): CodeIgniter\CodeIgniter->run()
 8 SYSTEMPATH\Boot.php(67): CodeIgniter\Boot::runCodeIgniter(Object(CodeIgniter\CodeIgniter))
 9 FCPATH\index.php(59): CodeIgniter\Boot::bootWeb(Object(Config\Paths))
CRITICAL - 2026-04-19 02:32:04 --> [Caused by] mysqli_sql_exception: Unknown column 'ul.userLibrary_Activo' in 'on clause'
in SYSTEMPATH\Database\MySQLi\Connection.php on line 327.
 1 SYSTEMPATH\Database\MySQLi\Connection.php(327): mysqli->query('
            SELECT 
                m.*, 
                i.image_Url,
                CASE 
                    WHEN ul.userLibrary_Id IS NULL THEN 0
                    ELSE 1
                END AS enBiblioteca
            FROM tbl_ope_music m
            LEFT JOIN tbl_ope_image i 
                ON m.music_ImageId = i.image_Id
            LEFT JOIN tbl_rel_user_library ul
                ON ul.music_Id = m.music_Id
                AND ul.user_Id = \'3\'
                AND ul.userLibrary_Activo = 1
            WHERE m.music_Activo = 1
            ORDER BY m.music_Id DESC
        ', 0)
 2 SYSTEMPATH\Database\BaseConnection.php(738): CodeIgniter\Database\MySQLi\Connection->execute('
            SELECT 
                m.*, 
                i.image_Url,
                CASE 
                    WHEN ul.userLibrary_Id IS NULL THEN 0
                    ELSE 1
                END AS enBiblioteca
            FROM tbl_ope_music m
            LEFT JOIN tbl_ope_image i 
                ON m.music_ImageId = i.image_Id
            LEFT JOIN tbl_rel_user_library ul
                ON ul.music_Id = m.music_Id
                AND ul.user_Id = \'3\'
                AND ul.userLibrary_Activo = 1
            WHERE m.music_Activo = 1
            ORDER BY m.music_Id DESC
        ')
 3 SYSTEMPATH\Database\BaseConnection.php(652): CodeIgniter\Database\BaseConnection->simpleQuery('
            SELECT 
                m.*, 
                i.image_Url,
                CASE 
                    WHEN ul.userLibrary_Id IS NULL THEN 0
                    ELSE 1
                END AS enBiblioteca
            FROM tbl_ope_music m
            LEFT JOIN tbl_ope_image i 
                ON m.music_ImageId = i.image_Id
            LEFT JOIN tbl_rel_user_library ul
                ON ul.music_Id = m.music_Id
                AND ul.user_Id = \'3\'
                AND ul.userLibrary_Activo = 1
            WHERE m.music_Activo = 1
            ORDER BY m.music_Id DESC
        ')
 4 APPPATH\Controllers\SpotifyController.php(16): CodeIgniter\Database\BaseConnection->query('
            SELECT 
                m.*, 
                i.image_Url,
                CASE 
                    WHEN ul.userLibrary_Id IS NULL THEN 0
                    ELSE 1
                END AS enBiblioteca
            FROM tbl_ope_music m
            LEFT JOIN tbl_ope_image i 
                ON m.music_ImageId = i.image_Id
            LEFT JOIN tbl_rel_user_library ul
                ON ul.music_Id = m.music_Id
                AND ul.user_Id = ?
                AND ul.userLibrary_Activo = 1
            WHERE m.music_Activo = 1
            ORDER BY m.music_Id DESC
        ', [...])
 5 SYSTEMPATH\CodeIgniter.php(933): App\Controllers\SpotifyController->home()
 6 SYSTEMPATH\CodeIgniter.php(507): CodeIgniter\CodeIgniter->runController(Object(App\Controllers\SpotifyController))
 7 SYSTEMPATH\CodeIgniter.php(354): CodeIgniter\CodeIgniter->handleRequest(null, Object(Config\Cache), false)
 8 SYSTEMPATH\Boot.php(334): CodeIgniter\CodeIgniter->run()
 9 SYSTEMPATH\Boot.php(67): CodeIgniter\Boot::runCodeIgniter(Object(CodeIgniter\CodeIgniter))
10 FCPATH\index.php(59): CodeIgniter\Boot::bootWeb(Object(Config\Paths))
DEBUG - 2026-04-19 02:32:04 --> Session: Class initialized using 'CodeIgniter\Session\Handlers\FileHandler' driver.
DEBUG - 2026-04-19 02:32:05 --> Session: Class initialized using 'CodeIgniter\Session\Handlers\FileHandler' driver.
ERROR - 2026-04-19 02:32:05 --> mysqli_sql_exception: Unknown column 'ul.userLibrary_Activo' in 'on clause' in C:\xampp1\htdocs\Spotify-Chafa-3\vendor\codeigniter4\framework\system\Database\MySQLi\Connection.php:327
Stack trace:
#0 C:\xampp1\htdocs\Spotify-Chafa-3\vendor\codeigniter4\framework\system\Database\MySQLi\Connection.php(327): mysqli->query('\r\n            S...', 0)
#1 C:\xampp1\htdocs\Spotify-Chafa-3\vendor\codeigniter4\framework\system\Database\BaseConnection.php(738): CodeIgniter\Database\MySQLi\Connection->execute('\r\n            S...')
#2 C:\xampp1\htdocs\Spotify-Chafa-3\vendor\codeigniter4\framework\system\Database\BaseConnection.php(652): CodeIgniter\Database\BaseConnection->simpleQuery('\r\n            S...')
#3 C:\xampp1\htdocs\Spotify-Chafa-3\app\Controllers\SpotifyController.php(16): CodeIgniter\Database\BaseConnection->query('\r\n            S...', Array)
#4 C:\xampp1\htdocs\Spotify-Chafa-3\vendor\codeigniter4\framework\system\CodeIgniter.php(933): App\Controllers\SpotifyController->home()
#5 C:\xampp1\htdocs\Spotify-Chafa-3\vendor\codeigniter4\framework\system\CodeIgniter.php(507): CodeIgniter\CodeIgniter->runController(Object(App\Controllers\SpotifyController))
#6 C:\xampp1\htdocs\Spotify-Chafa-3\vendor\codeigniter4\framework\system\CodeIgniter.php(354): CodeIgniter\CodeIgniter->handleRequest(NULL, Object(Config\Cache), false)
#7 C:\xampp1\htdocs\Spotify-Chafa-3\vendor\codeigniter4\framework\system\Boot.php(334): CodeIgniter\CodeIgniter->run()
#8 C:\xampp1\htdocs\Spotify-Chafa-3\vendor\codeigniter4\framework\system\Boot.php(67): CodeIgniter\Boot::runCodeIgniter(Object(CodeIgniter\CodeIgniter))
#9 C:\xampp1\htdocs\Spotify-Chafa-3\public\index.php(59): CodeIgniter\Boot::bootWeb(Object(Config\Paths))
#10 {main}
CRITICAL - 2026-04-19 02:32:05 --> CodeIgniter\Database\Exceptions\DatabaseException: Unknown column 'ul.userLibrary_Activo' in 'on clause'
[Method: GET, Route: spotify/home]
in SYSTEMPATH\Database\BaseConnection.php on line 692.
 1 APPPATH\Controllers\SpotifyController.php(16): CodeIgniter\Database\BaseConnection->query('
            SELECT 
                m.*, 
                i.image_Url,
                CASE 
                    WHEN ul.userLibrary_Id IS NULL THEN 0
                    ELSE 1
                END AS enBiblioteca
            FROM tbl_ope_music m
            LEFT JOIN tbl_ope_image i 
                ON m.music_ImageId = i.image_Id
            LEFT JOIN tbl_rel_user_library ul
                ON ul.music_Id = m.music_Id
                AND ul.user_Id = ?
                AND ul.userLibrary_Activo = 1
            WHERE m.music_Activo = 1
            ORDER BY m.music_Id DESC
        ', [...])
 2 SYSTEMPATH\CodeIgniter.php(933): App\Controllers\SpotifyController->home()
 3 SYSTEMPATH\CodeIgniter.php(507): CodeIgniter\CodeIgniter->runController(Object(App\Controllers\SpotifyController))
 4 SYSTEMPATH\CodeIgniter.php(354): CodeIgniter\CodeIgniter->handleRequest(null, Object(Config\Cache), false)
 5 SYSTEMPATH\Boot.php(334): CodeIgniter\CodeIgniter->run()
 6 SYSTEMPATH\Boot.php(67): CodeIgniter\Boot::runCodeIgniter(Object(CodeIgniter\CodeIgniter))
 7 FCPATH\index.php(59): CodeIgniter\Boot::bootWeb(Object(Config\Paths))
CRITICAL - 2026-04-19 02:32:05 --> [Caused by] CodeIgniter\Database\Exceptions\DatabaseException: Unknown column 'ul.userLibrary_Activo' in 'on clause'
in SYSTEMPATH\Database\MySQLi\Connection.php on line 332.
 1 SYSTEMPATH\Database\BaseConnection.php(738): CodeIgniter\Database\MySQLi\Connection->execute('
            SELECT 
                m.*, 
                i.image_Url,
                CASE 
                    WHEN ul.userLibrary_Id IS NULL THEN 0
                    ELSE 1
                END AS enBiblioteca
            FROM tbl_ope_music m
            LEFT JOIN tbl_ope_image i 
                ON m.music_ImageId = i.image_Id
            LEFT JOIN tbl_rel_user_library ul
                ON ul.music_Id = m.music_Id
                AND ul.user_Id = \'3\'
                AND ul.userLibrary_Activo = 1
            WHERE m.music_Activo = 1
            ORDER BY m.music_Id DESC
        ')
 2 SYSTEMPATH\Database\BaseConnection.php(652): CodeIgniter\Database\BaseConnection->simpleQuery('
            SELECT 
                m.*, 
                i.image_Url,
                CASE 
                    WHEN ul.userLibrary_Id IS NULL THEN 0
                    ELSE 1
                END AS enBiblioteca
            FROM tbl_ope_music m
            LEFT JOIN tbl_ope_image i 
                ON m.music_ImageId = i.image_Id
            LEFT JOIN tbl_rel_user_library ul
                ON ul.music_Id = m.music_Id
                AND ul.user_Id = \'3\'
                AND ul.userLibrary_Activo = 1
            WHERE m.music_Activo = 1
            ORDER BY m.music_Id DESC
        ')
 3 APPPATH\Controllers\SpotifyController.php(16): CodeIgniter\Database\BaseConnection->query('
            SELECT 
                m.*, 
                i.image_Url,
                CASE 
                    WHEN ul.userLibrary_Id IS NULL THEN 0
                    ELSE 1
                END AS enBiblioteca
            FROM tbl_ope_music m
            LEFT JOIN tbl_ope_image i 
                ON m.music_ImageId = i.image_Id
            LEFT JOIN tbl_rel_user_library ul
                ON ul.music_Id = m.music_Id
                AND ul.user_Id = ?
                AND ul.userLibrary_Activo = 1
            WHERE m.music_Activo = 1
            ORDER BY m.music_Id DESC
        ', [...])
 4 SYSTEMPATH\CodeIgniter.php(933): App\Controllers\SpotifyController->home()
 5 SYSTEMPATH\CodeIgniter.php(507): CodeIgniter\CodeIgniter->runController(Object(App\Controllers\SpotifyController))
 6 SYSTEMPATH\CodeIgniter.php(354): CodeIgniter\CodeIgniter->handleRequest(null, Object(Config\Cache), false)
 7 SYSTEMPATH\Boot.php(334): CodeIgniter\CodeIgniter->run()
 8 SYSTEMPATH\Boot.php(67): CodeIgniter\Boot::runCodeIgniter(Object(CodeIgniter\CodeIgniter))
 9 FCPATH\index.php(59): CodeIgniter\Boot::bootWeb(Object(Config\Paths))
CRITICAL - 2026-04-19 02:32:05 --> [Caused by] mysqli_sql_exception: Unknown column 'ul.userLibrary_Activo' in 'on clause'
in SYSTEMPATH\Database\MySQLi\Connection.php on line 327.
 1 SYSTEMPATH\Database\MySQLi\Connection.php(327): mysqli->query('
            SELECT 
                m.*, 
                i.image_Url,
                CASE 
                    WHEN ul.userLibrary_Id IS NULL THEN 0
                    ELSE 1
                END AS enBiblioteca
            FROM tbl_ope_music m
            LEFT JOIN tbl_ope_image i 
                ON m.music_ImageId = i.image_Id
            LEFT JOIN tbl_rel_user_library ul
                ON ul.music_Id = m.music_Id
                AND ul.user_Id = \'3\'
                AND ul.userLibrary_Activo = 1
            WHERE m.music_Activo = 1
            ORDER BY m.music_Id DESC
        ', 0)
 2 SYSTEMPATH\Database\BaseConnection.php(738): CodeIgniter\Database\MySQLi\Connection->execute('
            SELECT 
                m.*, 
                i.image_Url,
                CASE 
                    WHEN ul.userLibrary_Id IS NULL THEN 0
                    ELSE 1
                END AS enBiblioteca
            FROM tbl_ope_music m
            LEFT JOIN tbl_ope_image i 
                ON m.music_ImageId = i.image_Id
            LEFT JOIN tbl_rel_user_library ul
                ON ul.music_Id = m.music_Id
                AND ul.user_Id = \'3\'
                AND ul.userLibrary_Activo = 1
            WHERE m.music_Activo = 1
            ORDER BY m.music_Id DESC
        ')
 3 SYSTEMPATH\Database\BaseConnection.php(652): CodeIgniter\Database\BaseConnection->simpleQuery('
            SELECT 
                m.*, 
                i.image_Url,
                CASE 
                    WHEN ul.userLibrary_Id IS NULL THEN 0
                    ELSE 1
                END AS enBiblioteca
            FROM tbl_ope_music m
            LEFT JOIN tbl_ope_image i 
                ON m.music_ImageId = i.image_Id
            LEFT JOIN tbl_rel_user_library ul
                ON ul.music_Id = m.music_Id
                AND ul.user_Id = \'3\'
                AND ul.userLibrary_Activo = 1
            WHERE m.music_Activo = 1
            ORDER BY m.music_Id DESC
        ')
 4 APPPATH\Controllers\SpotifyController.php(16): CodeIgniter\Database\BaseConnection->query('
            SELECT 
                m.*, 
                i.image_Url,
                CASE 
                    WHEN ul.userLibrary_Id IS NULL THEN 0
                    ELSE 1
                END AS enBiblioteca
            FROM tbl_ope_music m
            LEFT JOIN tbl_ope_image i 
                ON m.music_ImageId = i.image_Id
            LEFT JOIN tbl_rel_user_library ul
                ON ul.music_Id = m.music_Id
                AND ul.user_Id = ?
                AND ul.userLibrary_Activo = 1
            WHERE m.music_Activo = 1
            ORDER BY m.music_Id DESC
        ', [...])
 5 SYSTEMPATH\CodeIgniter.php(933): App\Controllers\SpotifyController->home()
 6 SYSTEMPATH\CodeIgniter.php(507): CodeIgniter\CodeIgniter->runController(Object(App\Controllers\SpotifyController))
 7 SYSTEMPATH\CodeIgniter.php(354): CodeIgniter\CodeIgniter->handleRequest(null, Object(Config\Cache), false)
 8 SYSTEMPATH\Boot.php(334): CodeIgniter\CodeIgniter->run()
 9 SYSTEMPATH\Boot.php(67): CodeIgniter\Boot::runCodeIgniter(Object(CodeIgniter\CodeIgniter))
10 FCPATH\index.php(59): CodeIgniter\Boot::bootWeb(Object(Config\Paths))
DEBUG - 2026-04-19 02:32:08 --> Session: Class initialized using 'CodeIgniter\Session\Handlers\FileHandler' driver.
DEBUG - 2026-04-19 02:32:08 --> Session: Class initialized using 'CodeIgniter\Session\Handlers\FileHandler' driver.
ERROR - 2026-04-19 02:32:08 --> mysqli_sql_exception: Unknown column 'ul.userLibrary_Activo' in 'on clause' in C:\xampp1\htdocs\Spotify-Chafa-3\vendor\codeigniter4\framework\system\Database\MySQLi\Connection.php:327
Stack trace:
#0 C:\xampp1\htdocs\Spotify-Chafa-3\vendor\codeigniter4\framework\system\Database\MySQLi\Connection.php(327): mysqli->query('\r\n            S...', 0)
#1 C:\xampp1\htdocs\Spotify-Chafa-3\vendor\codeigniter4\framework\system\Database\BaseConnection.php(738): CodeIgniter\Database\MySQLi\Connection->execute('\r\n            S...')
#2 C:\xampp1\htdocs\Spotify-Chafa-3\vendor\codeigniter4\framework\system\Database\BaseConnection.php(652): CodeIgniter\Database\BaseConnection->simpleQuery('\r\n            S...')
#3 C:\xampp1\htdocs\Spotify-Chafa-3\app\Controllers\SpotifyController.php(16): CodeIgniter\Database\BaseConnection->query('\r\n            S...', Array)
#4 C:\xampp1\htdocs\Spotify-Chafa-3\vendor\codeigniter4\framework\system\CodeIgniter.php(933): App\Controllers\SpotifyController->home()
#5 C:\xampp1\htdocs\Spotify-Chafa-3\vendor\codeigniter4\framework\system\CodeIgniter.php(507): CodeIgniter\CodeIgniter->runController(Object(App\Controllers\SpotifyController))
#6 C:\xampp1\htdocs\Spotify-Chafa-3\vendor\codeigniter4\framework\system\CodeIgniter.php(354): CodeIgniter\CodeIgniter->handleRequest(NULL, Object(Config\Cache), false)
#7 C:\xampp1\htdocs\Spotify-Chafa-3\vendor\codeigniter4\framework\system\Boot.php(334): CodeIgniter\CodeIgniter->run()
#8 C:\xampp1\htdocs\Spotify-Chafa-3\vendor\codeigniter4\framework\system\Boot.php(67): CodeIgniter\Boot::runCodeIgniter(Object(CodeIgniter\CodeIgniter))
#9 C:\xampp1\htdocs\Spotify-Chafa-3\public\index.php(59): CodeIgniter\Boot::bootWeb(Object(Config\Paths))
#10 {main}
CRITICAL - 2026-04-19 02:32:08 --> CodeIgniter\Database\Exceptions\DatabaseException: Unknown column 'ul.userLibrary_Activo' in 'on clause'
[Method: GET, Route: spotify/home]
in SYSTEMPATH\Database\BaseConnection.php on line 692.
 1 APPPATH\Controllers\SpotifyController.php(16): CodeIgniter\Database\BaseConnection->query('
            SELECT 
                m.*, 
                i.image_Url,
                CASE 
                    WHEN ul.userLibrary_Id IS NULL THEN 0
                    ELSE 1
                END AS enBiblioteca
            FROM tbl_ope_music m
            LEFT JOIN tbl_ope_image i 
                ON m.music_ImageId = i.image_Id
            LEFT JOIN tbl_rel_user_library ul
                ON ul.music_Id = m.music_Id
                AND ul.user_Id = ?
                AND ul.userLibrary_Activo = 1
            WHERE m.music_Activo = 1
            ORDER BY m.music_Id DESC
        ', [...])
 2 SYSTEMPATH\CodeIgniter.php(933): App\Controllers\SpotifyController->home()
 3 SYSTEMPATH\CodeIgniter.php(507): CodeIgniter\CodeIgniter->runController(Object(App\Controllers\SpotifyController))
 4 SYSTEMPATH\CodeIgniter.php(354): CodeIgniter\CodeIgniter->handleRequest(null, Object(Config\Cache), false)
 5 SYSTEMPATH\Boot.php(334): CodeIgniter\CodeIgniter->run()
 6 SYSTEMPATH\Boot.php(67): CodeIgniter\Boot::runCodeIgniter(Object(CodeIgniter\CodeIgniter))
 7 FCPATH\index.php(59): CodeIgniter\Boot::bootWeb(Object(Config\Paths))
CRITICAL - 2026-04-19 02:32:08 --> [Caused by] CodeIgniter\Database\Exceptions\DatabaseException: Unknown column 'ul.userLibrary_Activo' in 'on clause'
in SYSTEMPATH\Database\MySQLi\Connection.php on line 332.
 1 SYSTEMPATH\Database\BaseConnection.php(738): CodeIgniter\Database\MySQLi\Connection->execute('
            SELECT 
                m.*, 
                i.image_Url,
                CASE 
                    WHEN ul.userLibrary_Id IS NULL THEN 0
                    ELSE 1
                END AS enBiblioteca
            FROM tbl_ope_music m
            LEFT JOIN tbl_ope_image i 
                ON m.music_ImageId = i.image_Id
            LEFT JOIN tbl_rel_user_library ul
                ON ul.music_Id = m.music_Id
                AND ul.user_Id = \'3\'
                AND ul.userLibrary_Activo = 1
            WHERE m.music_Activo = 1
            ORDER BY m.music_Id DESC
        ')
 2 SYSTEMPATH\Database\BaseConnection.php(652): CodeIgniter\Database\BaseConnection->simpleQuery('
            SELECT 
                m.*, 
                i.image_Url,
                CASE 
                    WHEN ul.userLibrary_Id IS NULL THEN 0
                    ELSE 1
                END AS enBiblioteca
            FROM tbl_ope_music m
            LEFT JOIN tbl_ope_image i 
                ON m.music_ImageId = i.image_Id
            LEFT JOIN tbl_rel_user_library ul
                ON ul.music_Id = m.music_Id
                AND ul.user_Id = \'3\'
                AND ul.userLibrary_Activo = 1
            WHERE m.music_Activo = 1
            ORDER BY m.music_Id DESC
        ')
 3 APPPATH\Controllers\SpotifyController.php(16): CodeIgniter\Database\BaseConnection->query('
            SELECT 
                m.*, 
                i.image_Url,
                CASE 
                    WHEN ul.userLibrary_Id IS NULL THEN 0
                    ELSE 1
                END AS enBiblioteca
            FROM tbl_ope_music m
            LEFT JOIN tbl_ope_image i 
                ON m.music_ImageId = i.image_Id
            LEFT JOIN tbl_rel_user_library ul
                ON ul.music_Id = m.music_Id
                AND ul.user_Id = ?
                AND ul.userLibrary_Activo = 1
            WHERE m.music_Activo = 1
            ORDER BY m.music_Id DESC
        ', [...])
 4 SYSTEMPATH\CodeIgniter.php(933): App\Controllers\SpotifyController->home()
 5 SYSTEMPATH\CodeIgniter.php(507): CodeIgniter\CodeIgniter->runController(Object(App\Controllers\SpotifyController))
 6 SYSTEMPATH\CodeIgniter.php(354): CodeIgniter\CodeIgniter->handleRequest(null, Object(Config\Cache), false)
 7 SYSTEMPATH\Boot.php(334): CodeIgniter\CodeIgniter->run()
 8 SYSTEMPATH\Boot.php(67): CodeIgniter\Boot::runCodeIgniter(Object(CodeIgniter\CodeIgniter))
 9 FCPATH\index.php(59): CodeIgniter\Boot::bootWeb(Object(Config\Paths))
CRITICAL - 2026-04-19 02:32:08 --> [Caused by] mysqli_sql_exception: Unknown column 'ul.userLibrary_Activo' in 'on clause'
in SYSTEMPATH\Database\MySQLi\Connection.php on line 327.
 1 SYSTEMPATH\Database\MySQLi\Connection.php(327): mysqli->query('
            SELECT 
                m.*, 
                i.image_Url,
                CASE 
                    WHEN ul.userLibrary_Id IS NULL THEN 0
                    ELSE 1
                END AS enBiblioteca
            FROM tbl_ope_music m
            LEFT JOIN tbl_ope_image i 
                ON m.music_ImageId = i.image_Id
            LEFT JOIN tbl_rel_user_library ul
                ON ul.music_Id = m.music_Id
                AND ul.user_Id = \'3\'
                AND ul.userLibrary_Activo = 1
            WHERE m.music_Activo = 1
            ORDER BY m.music_Id DESC
        ', 0)
 2 SYSTEMPATH\Database\BaseConnection.php(738): CodeIgniter\Database\MySQLi\Connection->execute('
            SELECT 
                m.*, 
                i.image_Url,
                CASE 
                    WHEN ul.userLibrary_Id IS NULL THEN 0
                    ELSE 1
                END AS enBiblioteca
            FROM tbl_ope_music m
            LEFT JOIN tbl_ope_image i 
                ON m.music_ImageId = i.image_Id
            LEFT JOIN tbl_rel_user_library ul
                ON ul.music_Id = m.music_Id
                AND ul.user_Id = \'3\'
                AND ul.userLibrary_Activo = 1
            WHERE m.music_Activo = 1
            ORDER BY m.music_Id DESC
        ')
 3 SYSTEMPATH\Database\BaseConnection.php(652): CodeIgniter\Database\BaseConnection->simpleQuery('
            SELECT 
                m.*, 
                i.image_Url,
                CASE 
                    WHEN ul.userLibrary_Id IS NULL THEN 0
                    ELSE 1
                END AS enBiblioteca
            FROM tbl_ope_music m
            LEFT JOIN tbl_ope_image i 
                ON m.music_ImageId = i.image_Id
            LEFT JOIN tbl_rel_user_library ul
                ON ul.music_Id = m.music_Id
                AND ul.user_Id = \'3\'
                AND ul.userLibrary_Activo = 1
            WHERE m.music_Activo = 1
            ORDER BY m.music_Id DESC
        ')
 4 APPPATH\Controllers\SpotifyController.php(16): CodeIgniter\Database\BaseConnection->query('
            SELECT 
                m.*, 
                i.image_Url,
                CASE 
                    WHEN ul.userLibrary_Id IS NULL THEN 0
                    ELSE 1
                END AS enBiblioteca
            FROM tbl_ope_music m
            LEFT JOIN tbl_ope_image i 
                ON m.music_ImageId = i.image_Id
            LEFT JOIN tbl_rel_user_library ul
                ON ul.music_Id = m.music_Id
                AND ul.user_Id = ?
                AND ul.userLibrary_Activo = 1
            WHERE m.music_Activo = 1
            ORDER BY m.music_Id DESC
        ', [...])
 5 SYSTEMPATH\CodeIgniter.php(933): App\Controllers\SpotifyController->home()
 6 SYSTEMPATH\CodeIgniter.php(507): CodeIgniter\CodeIgniter->runController(Object(App\Controllers\SpotifyController))
 7 SYSTEMPATH\CodeIgniter.php(354): CodeIgniter\CodeIgniter->handleRequest(null, Object(Config\Cache), false)
 8 SYSTEMPATH\Boot.php(334): CodeIgniter\CodeIgniter->run()
 9 SYSTEMPATH\Boot.php(67): CodeIgniter\Boot::runCodeIgniter(Object(CodeIgniter\CodeIgniter))
10 FCPATH\index.php(59): CodeIgniter\Boot::bootWeb(Object(Config\Paths))
DEBUG - 2026-04-19 02:32:10 --> Session: Class initialized using 'CodeIgniter\Session\Handlers\FileHandler' driver.
DEBUG - 2026-04-19 02:32:11 --> Session: Class initialized using 'CodeIgniter\Session\Handlers\FileHandler' driver.
ERROR - 2026-04-19 02:32:11 --> mysqli_sql_exception: Unknown column 'ul.userLibrary_Activo' in 'on clause' in C:\xampp1\htdocs\Spotify-Chafa-3\vendor\codeigniter4\framework\system\Database\MySQLi\Connection.php:327
Stack trace:
#0 C:\xampp1\htdocs\Spotify-Chafa-3\vendor\codeigniter4\framework\system\Database\MySQLi\Connection.php(327): mysqli->query('\r\n            S...', 0)
#1 C:\xampp1\htdocs\Spotify-Chafa-3\vendor\codeigniter4\framework\system\Database\BaseConnection.php(738): CodeIgniter\Database\MySQLi\Connection->execute('\r\n            S...')
#2 C:\xampp1\htdocs\Spotify-Chafa-3\vendor\codeigniter4\framework\system\Database\BaseConnection.php(652): CodeIgniter\Database\BaseConnection->simpleQuery('\r\n            S...')
#3 C:\xampp1\htdocs\Spotify-Chafa-3\app\Controllers\SpotifyController.php(16): CodeIgniter\Database\BaseConnection->query('\r\n            S...', Array)
#4 C:\xampp1\htdocs\Spotify-Chafa-3\vendor\codeigniter4\framework\system\CodeIgniter.php(933): App\Controllers\SpotifyController->home()
#5 C:\xampp1\htdocs\Spotify-Chafa-3\vendor\codeigniter4\framework\system\CodeIgniter.php(507): CodeIgniter\CodeIgniter->runController(Object(App\Controllers\SpotifyController))
#6 C:\xampp1\htdocs\Spotify-Chafa-3\vendor\codeigniter4\framework\system\CodeIgniter.php(354): CodeIgniter\CodeIgniter->handleRequest(NULL, Object(Config\Cache), false)
#7 C:\xampp1\htdocs\Spotify-Chafa-3\vendor\codeigniter4\framework\system\Boot.php(334): CodeIgniter\CodeIgniter->run()
#8 C:\xampp1\htdocs\Spotify-Chafa-3\vendor\codeigniter4\framework\system\Boot.php(67): CodeIgniter\Boot::runCodeIgniter(Object(CodeIgniter\CodeIgniter))
#9 C:\xampp1\htdocs\Spotify-Chafa-3\public\index.php(59): CodeIgniter\Boot::bootWeb(Object(Config\Paths))
#10 {main}
CRITICAL - 2026-04-19 02:32:11 --> CodeIgniter\Database\Exceptions\DatabaseException: Unknown column 'ul.userLibrary_Activo' in 'on clause'
[Method: GET, Route: spotify/home]
in SYSTEMPATH\Database\BaseConnection.php on line 692.
 1 APPPATH\Controllers\SpotifyController.php(16): CodeIgniter\Database\BaseConnection->query('
            SELECT 
                m.*, 
                i.image_Url,
                CASE 
                    WHEN ul.userLibrary_Id IS NULL THEN 0
                    ELSE 1
                END AS enBiblioteca
            FROM tbl_ope_music m
            LEFT JOIN tbl_ope_image i 
                ON m.music_ImageId = i.image_Id
            LEFT JOIN tbl_rel_user_library ul
                ON ul.music_Id = m.music_Id
                AND ul.user_Id = ?
                AND ul.userLibrary_Activo = 1
            WHERE m.music_Activo = 1
            ORDER BY m.music_Id DESC
        ', [...])
 2 SYSTEMPATH\CodeIgniter.php(933): App\Controllers\SpotifyController->home()
 3 SYSTEMPATH\CodeIgniter.php(507): CodeIgniter\CodeIgniter->runController(Object(App\Controllers\SpotifyController))
 4 SYSTEMPATH\CodeIgniter.php(354): CodeIgniter\CodeIgniter->handleRequest(null, Object(Config\Cache), false)
 5 SYSTEMPATH\Boot.php(334): CodeIgniter\CodeIgniter->run()
 6 SYSTEMPATH\Boot.php(67): CodeIgniter\Boot::runCodeIgniter(Object(CodeIgniter\CodeIgniter))
 7 FCPATH\index.php(59): CodeIgniter\Boot::bootWeb(Object(Config\Paths))
CRITICAL - 2026-04-19 02:32:11 --> [Caused by] CodeIgniter\Database\Exceptions\DatabaseException: Unknown column 'ul.userLibrary_Activo' in 'on clause'
in SYSTEMPATH\Database\MySQLi\Connection.php on line 332.
 1 SYSTEMPATH\Database\BaseConnection.php(738): CodeIgniter\Database\MySQLi\Connection->execute('
            SELECT 
                m.*, 
                i.image_Url,
                CASE 
                    WHEN ul.userLibrary_Id IS NULL THEN 0
                    ELSE 1
                END AS enBiblioteca
            FROM tbl_ope_music m
            LEFT JOIN tbl_ope_image i 
                ON m.music_ImageId = i.image_Id
            LEFT JOIN tbl_rel_user_library ul
                ON ul.music_Id = m.music_Id
                AND ul.user_Id = \'3\'
                AND ul.userLibrary_Activo = 1
            WHERE m.music_Activo = 1
            ORDER BY m.music_Id DESC
        ')
 2 SYSTEMPATH\Database\BaseConnection.php(652): CodeIgniter\Database\BaseConnection->simpleQuery('
            SELECT 
                m.*, 
                i.image_Url,
                CASE 
                    WHEN ul.userLibrary_Id IS NULL THEN 0
                    ELSE 1
                END AS enBiblioteca
            FROM tbl_ope_music m
            LEFT JOIN tbl_ope_image i 
                ON m.music_ImageId = i.image_Id
            LEFT JOIN tbl_rel_user_library ul
                ON ul.music_Id = m.music_Id
                AND ul.user_Id = \'3\'
                AND ul.userLibrary_Activo = 1
            WHERE m.music_Activo = 1
            ORDER BY m.music_Id DESC
        ')
 3 APPPATH\Controllers\SpotifyController.php(16): CodeIgniter\Database\BaseConnection->query('
            SELECT 
                m.*, 
                i.image_Url,
                CASE 
                    WHEN ul.userLibrary_Id IS NULL THEN 0
                    ELSE 1
                END AS enBiblioteca
            FROM tbl_ope_music m
            LEFT JOIN tbl_ope_image i 
                ON m.music_ImageId = i.image_Id
            LEFT JOIN tbl_rel_user_library ul
                ON ul.music_Id = m.music_Id
                AND ul.user_Id = ?
                AND ul.userLibrary_Activo = 1
            WHERE m.music_Activo = 1
            ORDER BY m.music_Id DESC
        ', [...])
 4 SYSTEMPATH\CodeIgniter.php(933): App\Controllers\SpotifyController->home()
 5 SYSTEMPATH\CodeIgniter.php(507): CodeIgniter\CodeIgniter->runController(Object(App\Controllers\SpotifyController))
 6 SYSTEMPATH\CodeIgniter.php(354): CodeIgniter\CodeIgniter->handleRequest(null, Object(Config\Cache), false)
 7 SYSTEMPATH\Boot.php(334): CodeIgniter\CodeIgniter->run()
 8 SYSTEMPATH\Boot.php(67): CodeIgniter\Boot::runCodeIgniter(Object(CodeIgniter\CodeIgniter))
 9 FCPATH\index.php(59): CodeIgniter\Boot::bootWeb(Object(Config\Paths))
CRITICAL - 2026-04-19 02:32:11 --> [Caused by] mysqli_sql_exception: Unknown column 'ul.userLibrary_Activo' in 'on clause'
in SYSTEMPATH\Database\MySQLi\Connection.php on line 327.
 1 SYSTEMPATH\Database\MySQLi\Connection.php(327): mysqli->query('
            SELECT 
                m.*, 
                i.image_Url,
                CASE 
                    WHEN ul.userLibrary_Id IS NULL THEN 0
                    ELSE 1
                END AS enBiblioteca
            FROM tbl_ope_music m
            LEFT JOIN tbl_ope_image i 
                ON m.music_ImageId = i.image_Id
            LEFT JOIN tbl_rel_user_library ul
                ON ul.music_Id = m.music_Id
                AND ul.user_Id = \'3\'
                AND ul.userLibrary_Activo = 1
            WHERE m.music_Activo = 1
            ORDER BY m.music_Id DESC
        ', 0)
 2 SYSTEMPATH\Database\BaseConnection.php(738): CodeIgniter\Database\MySQLi\Connection->execute('
            SELECT 
                m.*, 
                i.image_Url,
                CASE 
                    WHEN ul.userLibrary_Id IS NULL THEN 0
                    ELSE 1
                END AS enBiblioteca
            FROM tbl_ope_music m
            LEFT JOIN tbl_ope_image i 
                ON m.music_ImageId = i.image_Id
            LEFT JOIN tbl_rel_user_library ul
                ON ul.music_Id = m.music_Id
                AND ul.user_Id = \'3\'
                AND ul.userLibrary_Activo = 1
            WHERE m.music_Activo = 1
            ORDER BY m.music_Id DESC
        ')
 3 SYSTEMPATH\Database\BaseConnection.php(652): CodeIgniter\Database\BaseConnection->simpleQuery('
            SELECT 
                m.*, 
                i.image_Url,
                CASE 
                    WHEN ul.userLibrary_Id IS NULL THEN 0
                    ELSE 1
                END AS enBiblioteca
            FROM tbl_ope_music m
            LEFT JOIN tbl_ope_image i 
                ON m.music_ImageId = i.image_Id
            LEFT JOIN tbl_rel_user_library ul
                ON ul.music_Id = m.music_Id
                AND ul.user_Id = \'3\'
                AND ul.userLibrary_Activo = 1
            WHERE m.music_Activo = 1
            ORDER BY m.music_Id DESC
        ')
 4 APPPATH\Controllers\SpotifyController.php(16): CodeIgniter\Database\BaseConnection->query('
            SELECT 
                m.*, 
                i.image_Url,
                CASE 
                    WHEN ul.userLibrary_Id IS NULL THEN 0
                    ELSE 1
                END AS enBiblioteca
            FROM tbl_ope_music m
            LEFT JOIN tbl_ope_image i 
                ON m.music_ImageId = i.image_Id
            LEFT JOIN tbl_rel_user_library ul
                ON ul.music_Id = m.music_Id
                AND ul.user_Id = ?
                AND ul.userLibrary_Activo = 1
            WHERE m.music_Activo = 1
            ORDER BY m.music_Id DESC
        ', [...])
 5 SYSTEMPATH\CodeIgniter.php(933): App\Controllers\SpotifyController->home()
 6 SYSTEMPATH\CodeIgniter.php(507): CodeIgniter\CodeIgniter->runController(Object(App\Controllers\SpotifyController))
 7 SYSTEMPATH\CodeIgniter.php(354): CodeIgniter\CodeIgniter->handleRequest(null, Object(Config\Cache), false)
 8 SYSTEMPATH\Boot.php(334): CodeIgniter\CodeIgniter->run()
 9 SYSTEMPATH\Boot.php(67): CodeIgniter\Boot::runCodeIgniter(Object(CodeIgniter\CodeIgniter))
10 FCPATH\index.php(59): CodeIgniter\Boot::bootWeb(Object(Config\Paths))
DEBUG - 2026-04-19 02:32:14 --> Session: Class initialized using 'CodeIgniter\Session\Handlers\FileHandler' driver.
ERROR - 2026-04-19 02:32:14 --> mysqli_sql_exception: Unknown column 'ul.userLibrary_Activo' in 'on clause' in C:\xampp1\htdocs\Spotify-Chafa-3\vendor\codeigniter4\framework\system\Database\MySQLi\Connection.php:327
Stack trace:
#0 C:\xampp1\htdocs\Spotify-Chafa-3\vendor\codeigniter4\framework\system\Database\MySQLi\Connection.php(327): mysqli->query('\r\n            S...', 0)
#1 C:\xampp1\htdocs\Spotify-Chafa-3\vendor\codeigniter4\framework\system\Database\BaseConnection.php(738): CodeIgniter\Database\MySQLi\Connection->execute('\r\n            S...')
#2 C:\xampp1\htdocs\Spotify-Chafa-3\vendor\codeigniter4\framework\system\Database\BaseConnection.php(652): CodeIgniter\Database\BaseConnection->simpleQuery('\r\n            S...')
#3 C:\xampp1\htdocs\Spotify-Chafa-3\app\Controllers\SpotifyController.php(16): CodeIgniter\Database\BaseConnection->query('\r\n            S...', Array)
#4 C:\xampp1\htdocs\Spotify-Chafa-3\vendor\codeigniter4\framework\system\CodeIgniter.php(933): App\Controllers\SpotifyController->home()
#5 C:\xampp1\htdocs\Spotify-Chafa-3\vendor\codeigniter4\framework\system\CodeIgniter.php(507): CodeIgniter\CodeIgniter->runController(Object(App\Controllers\SpotifyController))
#6 C:\xampp1\htdocs\Spotify-Chafa-3\vendor\codeigniter4\framework\system\CodeIgniter.php(354): CodeIgniter\CodeIgniter->handleRequest(NULL, Object(Config\Cache), false)
#7 C:\xampp1\htdocs\Spotify-Chafa-3\vendor\codeigniter4\framework\system\Boot.php(334): CodeIgniter\CodeIgniter->run()
#8 C:\xampp1\htdocs\Spotify-Chafa-3\vendor\codeigniter4\framework\system\Boot.php(67): CodeIgniter\Boot::runCodeIgniter(Object(CodeIgniter\CodeIgniter))
#9 C:\xampp1\htdocs\Spotify-Chafa-3\public\index.php(59): CodeIgniter\Boot::bootWeb(Object(Config\Paths))
#10 {main}
CRITICAL - 2026-04-19 02:32:14 --> CodeIgniter\Database\Exceptions\DatabaseException: Unknown column 'ul.userLibrary_Activo' in 'on clause'
[Method: GET, Route: spotify/home]
in SYSTEMPATH\Database\BaseConnection.php on line 692.
 1 APPPATH\Controllers\SpotifyController.php(16): CodeIgniter\Database\BaseConnection->query('
            SELECT 
                m.*, 
                i.image_Url,
                CASE 
                    WHEN ul.userLibrary_Id IS NULL THEN 0
                    ELSE 1
                END AS enBiblioteca
            FROM tbl_ope_music m
            LEFT JOIN tbl_ope_image i 
                ON m.music_ImageId = i.image_Id
            LEFT JOIN tbl_rel_user_library ul
                ON ul.music_Id = m.music_Id
                AND ul.user_Id = ?
                AND ul.userLibrary_Activo = 1
            WHERE m.music_Activo = 1
            ORDER BY m.music_Id DESC
        ', [...])
 2 SYSTEMPATH\CodeIgniter.php(933): App\Controllers\SpotifyController->home()
 3 SYSTEMPATH\CodeIgniter.php(507): CodeIgniter\CodeIgniter->runController(Object(App\Controllers\SpotifyController))
 4 SYSTEMPATH\CodeIgniter.php(354): CodeIgniter\CodeIgniter->handleRequest(null, Object(Config\Cache), false)
 5 SYSTEMPATH\Boot.php(334): CodeIgniter\CodeIgniter->run()
 6 SYSTEMPATH\Boot.php(67): CodeIgniter\Boot::runCodeIgniter(Object(CodeIgniter\CodeIgniter))
 7 FCPATH\index.php(59): CodeIgniter\Boot::bootWeb(Object(Config\Paths))
CRITICAL - 2026-04-19 02:32:14 --> [Caused by] CodeIgniter\Database\Exceptions\DatabaseException: Unknown column 'ul.userLibrary_Activo' in 'on clause'
in SYSTEMPATH\Database\MySQLi\Connection.php on line 332.
 1 SYSTEMPATH\Database\BaseConnection.php(738): CodeIgniter\Database\MySQLi\Connection->execute('
            SELECT 
                m.*, 
                i.image_Url,
                CASE 
                    WHEN ul.userLibrary_Id IS NULL THEN 0
                    ELSE 1
                END AS enBiblioteca
            FROM tbl_ope_music m
            LEFT JOIN tbl_ope_image i 
                ON m.music_ImageId = i.image_Id
            LEFT JOIN tbl_rel_user_library ul
                ON ul.music_Id = m.music_Id
                AND ul.user_Id = \'3\'
                AND ul.userLibrary_Activo = 1
            WHERE m.music_Activo = 1
            ORDER BY m.music_Id DESC
        ')
 2 SYSTEMPATH\Database\BaseConnection.php(652): CodeIgniter\Database\BaseConnection->simpleQuery('
            SELECT 
                m.*, 
                i.image_Url,
                CASE 
                    WHEN ul.userLibrary_Id IS NULL THEN 0
                    ELSE 1
                END AS enBiblioteca
            FROM tbl_ope_music m
            LEFT JOIN tbl_ope_image i 
                ON m.music_ImageId = i.image_Id
            LEFT JOIN tbl_rel_user_library ul
                ON ul.music_Id = m.music_Id
                AND ul.user_Id = \'3\'
                AND ul.userLibrary_Activo = 1
            WHERE m.music_Activo = 1
            ORDER BY m.music_Id DESC
        ')
 3 APPPATH\Controllers\SpotifyController.php(16): CodeIgniter\Database\BaseConnection->query('
            SELECT 
                m.*, 
                i.image_Url,
                CASE 
                    WHEN ul.userLibrary_Id IS NULL THEN 0
                    ELSE 1
                END AS enBiblioteca
            FROM tbl_ope_music m
            LEFT JOIN tbl_ope_image i 
                ON m.music_ImageId = i.image_Id
            LEFT JOIN tbl_rel_user_library ul
                ON ul.music_Id = m.music_Id
                AND ul.user_Id = ?
                AND ul.userLibrary_Activo = 1
            WHERE m.music_Activo = 1
            ORDER BY m.music_Id DESC
        ', [...])
 4 SYSTEMPATH\CodeIgniter.php(933): App\Controllers\SpotifyController->home()
 5 SYSTEMPATH\CodeIgniter.php(507): CodeIgniter\CodeIgniter->runController(Object(App\Controllers\SpotifyController))
 6 SYSTEMPATH\CodeIgniter.php(354): CodeIgniter\CodeIgniter->handleRequest(null, Object(Config\Cache), false)
 7 SYSTEMPATH\Boot.php(334): CodeIgniter\CodeIgniter->run()
 8 SYSTEMPATH\Boot.php(67): CodeIgniter\Boot::runCodeIgniter(Object(CodeIgniter\CodeIgniter))
 9 FCPATH\index.php(59): CodeIgniter\Boot::bootWeb(Object(Config\Paths))
CRITICAL - 2026-04-19 02:32:14 --> [Caused by] mysqli_sql_exception: Unknown column 'ul.userLibrary_Activo' in 'on clause'
in SYSTEMPATH\Database\MySQLi\Connection.php on line 327.
 1 SYSTEMPATH\Database\MySQLi\Connection.php(327): mysqli->query('
            SELECT 
                m.*, 
                i.image_Url,
                CASE 
                    WHEN ul.userLibrary_Id IS NULL THEN 0
                    ELSE 1
                END AS enBiblioteca
            FROM tbl_ope_music m
            LEFT JOIN tbl_ope_image i 
                ON m.music_ImageId = i.image_Id
            LEFT JOIN tbl_rel_user_library ul
                ON ul.music_Id = m.music_Id
                AND ul.user_Id = \'3\'
                AND ul.userLibrary_Activo = 1
            WHERE m.music_Activo = 1
            ORDER BY m.music_Id DESC
        ', 0)
 2 SYSTEMPATH\Database\BaseConnection.php(738): CodeIgniter\Database\MySQLi\Connection->execute('
            SELECT 
                m.*, 
                i.image_Url,
                CASE 
                    WHEN ul.userLibrary_Id IS NULL THEN 0
                    ELSE 1
                END AS enBiblioteca
            FROM tbl_ope_music m
            LEFT JOIN tbl_ope_image i 
                ON m.music_ImageId = i.image_Id
            LEFT JOIN tbl_rel_user_library ul
                ON ul.music_Id = m.music_Id
                AND ul.user_Id = \'3\'
                AND ul.userLibrary_Activo = 1
            WHERE m.music_Activo = 1
            ORDER BY m.music_Id DESC
        ')
 3 SYSTEMPATH\Database\BaseConnection.php(652): CodeIgniter\Database\BaseConnection->simpleQuery('
            SELECT 
                m.*, 
                i.image_Url,
                CASE 
                    WHEN ul.userLibrary_Id IS NULL THEN 0
                    ELSE 1
                END AS enBiblioteca
            FROM tbl_ope_music m
            LEFT JOIN tbl_ope_image i 
                ON m.music_ImageId = i.image_Id
            LEFT JOIN tbl_rel_user_library ul
                ON ul.music_Id = m.music_Id
                AND ul.user_Id = \'3\'
                AND ul.userLibrary_Activo = 1
            WHERE m.music_Activo = 1
            ORDER BY m.music_Id DESC
        ')
 4 APPPATH\Controllers\SpotifyController.php(16): CodeIgniter\Database\BaseConnection->query('
            SELECT 
                m.*, 
                i.image_Url,
                CASE 
                    WHEN ul.userLibrary_Id IS NULL THEN 0
                    ELSE 1
                END AS enBiblioteca
            FROM tbl_ope_music m
            LEFT JOIN tbl_ope_image i 
                ON m.music_ImageId = i.image_Id
            LEFT JOIN tbl_rel_user_library ul
                ON ul.music_Id = m.music_Id
                AND ul.user_Id = ?
                AND ul.userLibrary_Activo = 1
            WHERE m.music_Activo = 1
            ORDER BY m.music_Id DESC
        ', [...])
 5 SYSTEMPATH\CodeIgniter.php(933): App\Controllers\SpotifyController->home()
 6 SYSTEMPATH\CodeIgniter.php(507): CodeIgniter\CodeIgniter->runController(Object(App\Controllers\SpotifyController))
 7 SYSTEMPATH\CodeIgniter.php(354): CodeIgniter\CodeIgniter->handleRequest(null, Object(Config\Cache), false)
 8 SYSTEMPATH\Boot.php(334): CodeIgniter\CodeIgniter->run()
 9 SYSTEMPATH\Boot.php(67): CodeIgniter\Boot::runCodeIgniter(Object(CodeIgniter\CodeIgniter))
10 FCPATH\index.php(59): CodeIgniter\Boot::bootWeb(Object(Config\Paths))
DEBUG - 2026-04-19 02:32:27 --> Session: Class initialized using 'CodeIgniter\Session\Handlers\FileHandler' driver.
ERROR - 2026-04-19 02:32:27 --> mysqli_sql_exception: Unknown column 'ul.userLibrary_Activo' in 'on clause' in C:\xampp1\htdocs\Spotify-Chafa-3\vendor\codeigniter4\framework\system\Database\MySQLi\Connection.php:327
Stack trace:
#0 C:\xampp1\htdocs\Spotify-Chafa-3\vendor\codeigniter4\framework\system\Database\MySQLi\Connection.php(327): mysqli->query('\r\n            S...', 0)
#1 C:\xampp1\htdocs\Spotify-Chafa-3\vendor\codeigniter4\framework\system\Database\BaseConnection.php(738): CodeIgniter\Database\MySQLi\Connection->execute('\r\n            S...')
#2 C:\xampp1\htdocs\Spotify-Chafa-3\vendor\codeigniter4\framework\system\Database\BaseConnection.php(652): CodeIgniter\Database\BaseConnection->simpleQuery('\r\n            S...')
#3 C:\xampp1\htdocs\Spotify-Chafa-3\app\Controllers\SpotifyController.php(16): CodeIgniter\Database\BaseConnection->query('\r\n            S...', Array)
#4 C:\xampp1\htdocs\Spotify-Chafa-3\vendor\codeigniter4\framework\system\CodeIgniter.php(933): App\Controllers\SpotifyController->home()
#5 C:\xampp1\htdocs\Spotify-Chafa-3\vendor\codeigniter4\framework\system\CodeIgniter.php(507): CodeIgniter\CodeIgniter->runController(Object(App\Controllers\SpotifyController))
#6 C:\xampp1\htdocs\Spotify-Chafa-3\vendor\codeigniter4\framework\system\CodeIgniter.php(354): CodeIgniter\CodeIgniter->handleRequest(NULL, Object(Config\Cache), false)
#7 C:\xampp1\htdocs\Spotify-Chafa-3\vendor\codeigniter4\framework\system\Boot.php(334): CodeIgniter\CodeIgniter->run()
#8 C:\xampp1\htdocs\Spotify-Chafa-3\vendor\codeigniter4\framework\system\Boot.php(67): CodeIgniter\Boot::runCodeIgniter(Object(CodeIgniter\CodeIgniter))
#9 C:\xampp1\htdocs\Spotify-Chafa-3\public\index.php(59): CodeIgniter\Boot::bootWeb(Object(Config\Paths))
#10 {main}
CRITICAL - 2026-04-19 02:32:27 --> CodeIgniter\Database\Exceptions\DatabaseException: Unknown column 'ul.userLibrary_Activo' in 'on clause'
[Method: GET, Route: spotify/home]
in SYSTEMPATH\Database\BaseConnection.php on line 692.
 1 APPPATH\Controllers\SpotifyController.php(16): CodeIgniter\Database\BaseConnection->query('
            SELECT 
                m.*, 
                i.image_Url,
                CASE 
                    WHEN ul.userLibrary_Id IS NULL THEN 0
                    ELSE 1
                END AS enBiblioteca
            FROM tbl_ope_music m
            LEFT JOIN tbl_ope_image i 
                ON m.music_ImageId = i.image_Id
            LEFT JOIN tbl_rel_user_library ul
                ON ul.music_Id = m.music_Id
                AND ul.user_Id = ?
                AND ul.userLibrary_Activo = 1
            WHERE m.music_Activo = 1
            ORDER BY m.music_Id DESC
        ', [...])
 2 SYSTEMPATH\CodeIgniter.php(933): App\Controllers\SpotifyController->home()
 3 SYSTEMPATH\CodeIgniter.php(507): CodeIgniter\CodeIgniter->runController(Object(App\Controllers\SpotifyController))
 4 SYSTEMPATH\CodeIgniter.php(354): CodeIgniter\CodeIgniter->handleRequest(null, Object(Config\Cache), false)
 5 SYSTEMPATH\Boot.php(334): CodeIgniter\CodeIgniter->run()
 6 SYSTEMPATH\Boot.php(67): CodeIgniter\Boot::runCodeIgniter(Object(CodeIgniter\CodeIgniter))
 7 FCPATH\index.php(59): CodeIgniter\Boot::bootWeb(Object(Config\Paths))
CRITICAL - 2026-04-19 02:32:27 --> [Caused by] CodeIgniter\Database\Exceptions\DatabaseException: Unknown column 'ul.userLibrary_Activo' in 'on clause'
in SYSTEMPATH\Database\MySQLi\Connection.php on line 332.
 1 SYSTEMPATH\Database\BaseConnection.php(738): CodeIgniter\Database\MySQLi\Connection->execute('
            SELECT 
                m.*, 
                i.image_Url,
                CASE 
                    WHEN ul.userLibrary_Id IS NULL THEN 0
                    ELSE 1
                END AS enBiblioteca
            FROM tbl_ope_music m
            LEFT JOIN tbl_ope_image i 
                ON m.music_ImageId = i.image_Id
            LEFT JOIN tbl_rel_user_library ul
                ON ul.music_Id = m.music_Id
                AND ul.user_Id = \'3\'
                AND ul.userLibrary_Activo = 1
            WHERE m.music_Activo = 1
            ORDER BY m.music_Id DESC
        ')
 2 SYSTEMPATH\Database\BaseConnection.php(652): CodeIgniter\Database\BaseConnection->simpleQuery('
            SELECT 
                m.*, 
                i.image_Url,
                CASE 
                    WHEN ul.userLibrary_Id IS NULL THEN 0
                    ELSE 1
                END AS enBiblioteca
            FROM tbl_ope_music m
            LEFT JOIN tbl_ope_image i 
                ON m.music_ImageId = i.image_Id
            LEFT JOIN tbl_rel_user_library ul
                ON ul.music_Id = m.music_Id
                AND ul.user_Id = \'3\'
                AND ul.userLibrary_Activo = 1
            WHERE m.music_Activo = 1
            ORDER BY m.music_Id DESC
        ')
 3 APPPATH\Controllers\SpotifyController.php(16): CodeIgniter\Database\BaseConnection->query('
            SELECT 
                m.*, 
                i.image_Url,
                CASE 
                    WHEN ul.userLibrary_Id IS NULL THEN 0
                    ELSE 1
                END AS enBiblioteca
            FROM tbl_ope_music m
            LEFT JOIN tbl_ope_image i 
                ON m.music_ImageId = i.image_Id
            LEFT JOIN tbl_rel_user_library ul
                ON ul.music_Id = m.music_Id
                AND ul.user_Id = ?
                AND ul.userLibrary_Activo = 1
            WHERE m.music_Activo = 1
            ORDER BY m.music_Id DESC
        ', [...])
 4 SYSTEMPATH\CodeIgniter.php(933): App\Controllers\SpotifyController->home()
 5 SYSTEMPATH\CodeIgniter.php(507): CodeIgniter\CodeIgniter->runController(Object(App\Controllers\SpotifyController))
 6 SYSTEMPATH\CodeIgniter.php(354): CodeIgniter\CodeIgniter->handleRequest(null, Object(Config\Cache), false)
 7 SYSTEMPATH\Boot.php(334): CodeIgniter\CodeIgniter->run()
 8 SYSTEMPATH\Boot.php(67): CodeIgniter\Boot::runCodeIgniter(Object(CodeIgniter\CodeIgniter))
 9 FCPATH\index.php(59): CodeIgniter\Boot::bootWeb(Object(Config\Paths))
CRITICAL - 2026-04-19 02:32:27 --> [Caused by] mysqli_sql_exception: Unknown column 'ul.userLibrary_Activo' in 'on clause'
in SYSTEMPATH\Database\MySQLi\Connection.php on line 327.
 1 SYSTEMPATH\Database\MySQLi\Connection.php(327): mysqli->query('
            SELECT 
                m.*, 
                i.image_Url,
                CASE 
                    WHEN ul.userLibrary_Id IS NULL THEN 0
                    ELSE 1
                END AS enBiblioteca
            FROM tbl_ope_music m
            LEFT JOIN tbl_ope_image i 
                ON m.music_ImageId = i.image_Id
            LEFT JOIN tbl_rel_user_library ul
                ON ul.music_Id = m.music_Id
                AND ul.user_Id = \'3\'
                AND ul.userLibrary_Activo = 1
            WHERE m.music_Activo = 1
            ORDER BY m.music_Id DESC
        ', 0)
 2 SYSTEMPATH\Database\BaseConnection.php(738): CodeIgniter\Database\MySQLi\Connection->execute('
            SELECT 
                m.*, 
                i.image_Url,
                CASE 
                    WHEN ul.userLibrary_Id IS NULL THEN 0
                    ELSE 1
                END AS enBiblioteca
            FROM tbl_ope_music m
            LEFT JOIN tbl_ope_image i 
                ON m.music_ImageId = i.image_Id
            LEFT JOIN tbl_rel_user_library ul
                ON ul.music_Id = m.music_Id
                AND ul.user_Id = \'3\'
                AND ul.userLibrary_Activo = 1
            WHERE m.music_Activo = 1
            ORDER BY m.music_Id DESC
        ')
 3 SYSTEMPATH\Database\BaseConnection.php(652): CodeIgniter\Database\BaseConnection->simpleQuery('
            SELECT 
                m.*, 
                i.image_Url,
                CASE 
                    WHEN ul.userLibrary_Id IS NULL THEN 0
                    ELSE 1
                END AS enBiblioteca
            FROM tbl_ope_music m
            LEFT JOIN tbl_ope_image i 
                ON m.music_ImageId = i.image_Id
            LEFT JOIN tbl_rel_user_library ul
                ON ul.music_Id = m.music_Id
                AND ul.user_Id = \'3\'
                AND ul.userLibrary_Activo = 1
            WHERE m.music_Activo = 1
            ORDER BY m.music_Id DESC
        ')
 4 APPPATH\Controllers\SpotifyController.php(16): CodeIgniter\Database\BaseConnection->query('
            SELECT 
                m.*, 
                i.image_Url,
                CASE 
                    WHEN ul.userLibrary_Id IS NULL THEN 0
                    ELSE 1
                END AS enBiblioteca
            FROM tbl_ope_music m
            LEFT JOIN tbl_ope_image i 
                ON m.music_ImageId = i.image_Id
            LEFT JOIN tbl_rel_user_library ul
                ON ul.music_Id = m.music_Id
                AND ul.user_Id = ?
                AND ul.userLibrary_Activo = 1
            WHERE m.music_Activo = 1
            ORDER BY m.music_Id DESC
        ', [...])
 5 SYSTEMPATH\CodeIgniter.php(933): App\Controllers\SpotifyController->home()
 6 SYSTEMPATH\CodeIgniter.php(507): CodeIgniter\CodeIgniter->runController(Object(App\Controllers\SpotifyController))
 7 SYSTEMPATH\CodeIgniter.php(354): CodeIgniter\CodeIgniter->handleRequest(null, Object(Config\Cache), false)
 8 SYSTEMPATH\Boot.php(334): CodeIgniter\CodeIgniter->run()
 9 SYSTEMPATH\Boot.php(67): CodeIgniter\Boot::runCodeIgniter(Object(CodeIgniter\CodeIgniter))
10 FCPATH\index.php(59): CodeIgniter\Boot::bootWeb(Object(Config\Paths))
DEBUG - 2026-04-19 02:33:53 --> Session: Class initialized using 'CodeIgniter\Session\Handlers\FileHandler' driver.
DEBUG - 2026-04-19 02:33:55 --> Session: Class initialized using 'CodeIgniter\Session\Handlers\FileHandler' driver.
DEBUG - 2026-04-19 02:35:29 --> Session: Class initialized using 'CodeIgniter\Session\Handlers\FileHandler' driver.
ERROR - 2026-04-19 02:35:30 --> mysqli_sql_exception: Unknown column 'CASE WHEN ul.userLibrary_Id IS NULL THEN 0 ELSE 1 END' in 'field list' in C:\xampp1\htdocs\Spotify-Chafa-3\vendor\codeigniter4\framework\system\Database\MySQLi\Connection.php:327
Stack trace:
#0 C:\xampp1\htdocs\Spotify-Chafa-3\vendor\codeigniter4\framework\system\Database\MySQLi\Connection.php(327): mysqli->query('SELECT `m`.*, `...', 0)
#1 C:\xampp1\htdocs\Spotify-Chafa-3\vendor\codeigniter4\framework\system\Database\BaseConnection.php(738): CodeIgniter\Database\MySQLi\Connection->execute('SELECT `m`.*, `...')
#2 C:\xampp1\htdocs\Spotify-Chafa-3\vendor\codeigniter4\framework\system\Database\BaseConnection.php(652): CodeIgniter\Database\BaseConnection->simpleQuery('SELECT `m`.*, `...')
#3 C:\xampp1\htdocs\Spotify-Chafa-3\vendor\codeigniter4\framework\system\Database\BaseBuilder.php(1649): CodeIgniter\Database\BaseConnection->query('SELECT `m`.*, `...', Array, false)
#4 C:\xampp1\htdocs\Spotify-Chafa-3\app\Controllers\SpotifyController.php(73): CodeIgniter\Database\BaseBuilder->get()
#5 C:\xampp1\htdocs\Spotify-Chafa-3\vendor\codeigniter4\framework\system\CodeIgniter.php(933): App\Controllers\SpotifyController->buscar()
#6 C:\xampp1\htdocs\Spotify-Chafa-3\vendor\codeigniter4\framework\system\CodeIgniter.php(507): CodeIgniter\CodeIgniter->runController(Object(App\Controllers\SpotifyController))
#7 C:\xampp1\htdocs\Spotify-Chafa-3\vendor\codeigniter4\framework\system\CodeIgniter.php(354): CodeIgniter\CodeIgniter->handleRequest(NULL, Object(Config\Cache), false)
#8 C:\xampp1\htdocs\Spotify-Chafa-3\vendor\codeigniter4\framework\system\Boot.php(334): CodeIgniter\CodeIgniter->run()
#9 C:\xampp1\htdocs\Spotify-Chafa-3\vendor\codeigniter4\framework\system\Boot.php(67): CodeIgniter\Boot::runCodeIgniter(Object(CodeIgniter\CodeIgniter))
#10 C:\xampp1\htdocs\Spotify-Chafa-3\public\index.php(59): CodeIgniter\Boot::bootWeb(Object(Config\Paths))
#11 {main}
CRITICAL - 2026-04-19 02:35:30 --> CodeIgniter\Database\Exceptions\DatabaseException: Unknown column 'CASE WHEN ul.userLibrary_Id IS NULL THEN 0 ELSE 1 END' in 'field list'
[Method: GET, Route: spotify/buscar]
in SYSTEMPATH\Database\BaseConnection.php on line 692.
 1 SYSTEMPATH\Database\BaseBuilder.php(1649): CodeIgniter\Database\BaseConnection->query('SELECT `m`.*, `i`.`image_Url`, `CASE WHEN ul`.`userLibrary_Id IS NULL THEN 0 ELSE 1 END` AS `enBiblioteca`
FROM `tbl_ope_music` `m`
LEFT JOIN `tbl_ope_image` `i` ON `m`.`music_ImageId` = `i`.`image_Id`
LEFT JOIN `tbl_rel_user_library` `ul` ON `ul`.`music_Id` = `m`.`music_Id` AND `ul`.`user_Id` = 3 AND `ul`.`userLibrary_Activo` = 1
WHERE `m`.`music_Activo` = :m.music_Activo:', [...], false)
 2 APPPATH\Controllers\SpotifyController.php(73): CodeIgniter\Database\BaseBuilder->get()
 3 SYSTEMPATH\CodeIgniter.php(933): App\Controllers\SpotifyController->buscar()
 4 SYSTEMPATH\CodeIgniter.php(507): CodeIgniter\CodeIgniter->runController(Object(App\Controllers\SpotifyController))
 5 SYSTEMPATH\CodeIgniter.php(354): CodeIgniter\CodeIgniter->handleRequest(null, Object(Config\Cache), false)
 6 SYSTEMPATH\Boot.php(334): CodeIgniter\CodeIgniter->run()
 7 SYSTEMPATH\Boot.php(67): CodeIgniter\Boot::runCodeIgniter(Object(CodeIgniter\CodeIgniter))
 8 FCPATH\index.php(59): CodeIgniter\Boot::bootWeb(Object(Config\Paths))
CRITICAL - 2026-04-19 02:35:30 --> [Caused by] CodeIgniter\Database\Exceptions\DatabaseException: Unknown column 'CASE WHEN ul.userLibrary_Id IS NULL THEN 0 ELSE 1 END' in 'field list'
in SYSTEMPATH\Database\MySQLi\Connection.php on line 332.
 1 SYSTEMPATH\Database\BaseConnection.php(738): CodeIgniter\Database\MySQLi\Connection->execute('SELECT `m`.*, `i`.`image_Url`, `CASE WHEN ul`.`userLibrary_Id IS NULL THEN 0 ELSE 1 END` AS `enBiblioteca`
FROM `tbl_ope_music` `m`
LEFT JOIN `tbl_ope_image` `i` ON `m`.`music_ImageId` = `i`.`image_Id`
LEFT JOIN `tbl_rel_user_library` `ul` ON `ul`.`music_Id` = `m`.`music_Id` AND `ul`.`user_Id` = 3 AND `ul`.`userLibrary_Activo` = 1
WHERE `m`.`music_Activo` = 1')
 2 SYSTEMPATH\Database\BaseConnection.php(652): CodeIgniter\Database\BaseConnection->simpleQuery('SELECT `m`.*, `i`.`image_Url`, `CASE WHEN ul`.`userLibrary_Id IS NULL THEN 0 ELSE 1 END` AS `enBiblioteca`
FROM `tbl_ope_music` `m`
LEFT JOIN `tbl_ope_image` `i` ON `m`.`music_ImageId` = `i`.`image_Id`
LEFT JOIN `tbl_rel_user_library` `ul` ON `ul`.`music_Id` = `m`.`music_Id` AND `ul`.`user_Id` = 3 AND `ul`.`userLibrary_Activo` = 1
WHERE `m`.`music_Activo` = 1')
 3 SYSTEMPATH\Database\BaseBuilder.php(1649): CodeIgniter\Database\BaseConnection->query('SELECT `m`.*, `i`.`image_Url`, `CASE WHEN ul`.`userLibrary_Id IS NULL THEN 0 ELSE 1 END` AS `enBiblioteca`
FROM `tbl_ope_music` `m`
LEFT JOIN `tbl_ope_image` `i` ON `m`.`music_ImageId` = `i`.`image_Id`
LEFT JOIN `tbl_rel_user_library` `ul` ON `ul`.`music_Id` = `m`.`music_Id` AND `ul`.`user_Id` = 3 AND `ul`.`userLibrary_Activo` = 1
WHERE `m`.`music_Activo` = :m.music_Activo:', [...], false)
 4 APPPATH\Controllers\SpotifyController.php(73): CodeIgniter\Database\BaseBuilder->get()
 5 SYSTEMPATH\CodeIgniter.php(933): App\Controllers\SpotifyController->buscar()
 6 SYSTEMPATH\CodeIgniter.php(507): CodeIgniter\CodeIgniter->runController(Object(App\Controllers\SpotifyController))
 7 SYSTEMPATH\CodeIgniter.php(354): CodeIgniter\CodeIgniter->handleRequest(null, Object(Config\Cache), false)
 8 SYSTEMPATH\Boot.php(334): CodeIgniter\CodeIgniter->run()
 9 SYSTEMPATH\Boot.php(67): CodeIgniter\Boot::runCodeIgniter(Object(CodeIgniter\CodeIgniter))
10 FCPATH\index.php(59): CodeIgniter\Boot::bootWeb(Object(Config\Paths))
CRITICAL - 2026-04-19 02:35:30 --> [Caused by] mysqli_sql_exception: Unknown column 'CASE WHEN ul.userLibrary_Id IS NULL THEN 0 ELSE 1 END' in 'field list'
in SYSTEMPATH\Database\MySQLi\Connection.php on line 327.
 1 SYSTEMPATH\Database\MySQLi\Connection.php(327): mysqli->query('SELECT `m`.*, `i`.`image_Url`, `CASE WHEN ul`.`userLibrary_Id IS NULL THEN 0 ELSE 1 END` AS `enBiblioteca`
FROM `tbl_ope_music` `m`
LEFT JOIN `tbl_ope_image` `i` ON `m`.`music_ImageId` = `i`.`image_Id`
LEFT JOIN `tbl_rel_user_library` `ul` ON `ul`.`music_Id` = `m`.`music_Id` AND `ul`.`user_Id` = 3 AND `ul`.`userLibrary_Activo` = 1
WHERE `m`.`music_Activo` = 1', 0)
 2 SYSTEMPATH\Database\BaseConnection.php(738): CodeIgniter\Database\MySQLi\Connection->execute('SELECT `m`.*, `i`.`image_Url`, `CASE WHEN ul`.`userLibrary_Id IS NULL THEN 0 ELSE 1 END` AS `enBiblioteca`
FROM `tbl_ope_music` `m`
LEFT JOIN `tbl_ope_image` `i` ON `m`.`music_ImageId` = `i`.`image_Id`
LEFT JOIN `tbl_rel_user_library` `ul` ON `ul`.`music_Id` = `m`.`music_Id` AND `ul`.`user_Id` = 3 AND `ul`.`userLibrary_Activo` = 1
WHERE `m`.`music_Activo` = 1')
 3 SYSTEMPATH\Database\BaseConnection.php(652): CodeIgniter\Database\BaseConnection->simpleQuery('SELECT `m`.*, `i`.`image_Url`, `CASE WHEN ul`.`userLibrary_Id IS NULL THEN 0 ELSE 1 END` AS `enBiblioteca`
FROM `tbl_ope_music` `m`
LEFT JOIN `tbl_ope_image` `i` ON `m`.`music_ImageId` = `i`.`image_Id`
LEFT JOIN `tbl_rel_user_library` `ul` ON `ul`.`music_Id` = `m`.`music_Id` AND `ul`.`user_Id` = 3 AND `ul`.`userLibrary_Activo` = 1
WHERE `m`.`music_Activo` = 1')
 4 SYSTEMPATH\Database\BaseBuilder.php(1649): CodeIgniter\Database\BaseConnection->query('SELECT `m`.*, `i`.`image_Url`, `CASE WHEN ul`.`userLibrary_Id IS NULL THEN 0 ELSE 1 END` AS `enBiblioteca`
FROM `tbl_ope_music` `m`
LEFT JOIN `tbl_ope_image` `i` ON `m`.`music_ImageId` = `i`.`image_Id`
LEFT JOIN `tbl_rel_user_library` `ul` ON `ul`.`music_Id` = `m`.`music_Id` AND `ul`.`user_Id` = 3 AND `ul`.`userLibrary_Activo` = 1
WHERE `m`.`music_Activo` = :m.music_Activo:', [...], false)
 5 APPPATH\Controllers\SpotifyController.php(73): CodeIgniter\Database\BaseBuilder->get()
 6 SYSTEMPATH\CodeIgniter.php(933): App\Controllers\SpotifyController->buscar()
 7 SYSTEMPATH\CodeIgniter.php(507): CodeIgniter\CodeIgniter->runController(Object(App\Controllers\SpotifyController))
 8 SYSTEMPATH\CodeIgniter.php(354): CodeIgniter\CodeIgniter->handleRequest(null, Object(Config\Cache), false)
 9 SYSTEMPATH\Boot.php(334): CodeIgniter\CodeIgniter->run()
10 SYSTEMPATH\Boot.php(67): CodeIgniter\Boot::runCodeIgniter(Object(CodeIgniter\CodeIgniter))
11 FCPATH\index.php(59): CodeIgniter\Boot::bootWeb(Object(Config\Paths))
DEBUG - 2026-04-19 02:35:35 --> Session: Class initialized using 'CodeIgniter\Session\Handlers\FileHandler' driver.
DEBUG - 2026-04-19 02:35:36 --> Session: Class initialized using 'CodeIgniter\Session\Handlers\FileHandler' driver.
DEBUG - 2026-04-19 02:35:38 --> Session: Class initialized using 'CodeIgniter\Session\Handlers\FileHandler' driver.
DEBUG - 2026-04-19 02:35:40 --> Session: Class initialized using 'CodeIgniter\Session\Handlers\FileHandler' driver.
ERROR - 2026-04-19 02:35:40 --> mysqli_sql_exception: Cannot add or update a child row: a foreign key constraint fails (`dbspotifyclone`.`tbl_rel_user_library`, CONSTRAINT `fk_userlibrary_user` FOREIGN KEY (`user_Id`) REFERENCES `tbl_ope_users` (`user_Id`) ON DELETE CASCADE ON UPDATE CASCADE) in C:\xampp1\htdocs\Spotify-Chafa-3\vendor\codeigniter4\framework\system\Database\MySQLi\Connection.php:327
Stack trace:
#0 C:\xampp1\htdocs\Spotify-Chafa-3\vendor\codeigniter4\framework\system\Database\MySQLi\Connection.php(327): mysqli->query('INSERT INTO `tb...', 0)
#1 C:\xampp1\htdocs\Spotify-Chafa-3\vendor\codeigniter4\framework\system\Database\BaseConnection.php(738): CodeIgniter\Database\MySQLi\Connection->execute('INSERT INTO `tb...')
#2 C:\xampp1\htdocs\Spotify-Chafa-3\vendor\codeigniter4\framework\system\Database\BaseConnection.php(652): CodeIgniter\Database\BaseConnection->simpleQuery('INSERT INTO `tb...')
#3 C:\xampp1\htdocs\Spotify-Chafa-3\vendor\codeigniter4\framework\system\Database\BaseBuilder.php(2345): CodeIgniter\Database\BaseConnection->query('INSERT INTO `tb...', Array, false)
#4 C:\xampp1\htdocs\Spotify-Chafa-3\app\Controllers\SpotifyController.php(136): CodeIgniter\Database\BaseBuilder->insert(Array)
#5 C:\xampp1\htdocs\Spotify-Chafa-3\vendor\codeigniter4\framework\system\CodeIgniter.php(933): App\Controllers\SpotifyController->agregarBiblioteca(29)
#6 C:\xampp1\htdocs\Spotify-Chafa-3\vendor\codeigniter4\framework\system\CodeIgniter.php(507): CodeIgniter\CodeIgniter->runController(Object(App\Controllers\SpotifyController))
#7 C:\xampp1\htdocs\Spotify-Chafa-3\vendor\codeigniter4\framework\system\CodeIgniter.php(354): CodeIgniter\CodeIgniter->handleRequest(NULL, Object(Config\Cache), false)
#8 C:\xampp1\htdocs\Spotify-Chafa-3\vendor\codeigniter4\framework\system\Boot.php(334): CodeIgniter\CodeIgniter->run()
#9 C:\xampp1\htdocs\Spotify-Chafa-3\vendor\codeigniter4\framework\system\Boot.php(67): CodeIgniter\Boot::runCodeIgniter(Object(CodeIgniter\CodeIgniter))
#10 C:\xampp1\htdocs\Spotify-Chafa-3\public\index.php(59): CodeIgniter\Boot::bootWeb(Object(Config\Paths))
#11 {main}
CRITICAL - 2026-04-19 02:35:40 --> CodeIgniter\Database\Exceptions\DatabaseException: Cannot add or update a child row: a foreign key constraint fails (`dbspotifyclone`.`tbl_rel_user_library`, CONSTRAINT `fk_userlibrary_user` FOREIGN KEY (`user_Id`) REFERENCES `tbl_ope_users` (`user_Id`) ON DELETE CASCADE ON UPDATE CASCADE)
[Method: POST, Route: spotify/biblioteca/agregar/29]
in SYSTEMPATH\Database\BaseConnection.php on line 692.
 1 SYSTEMPATH\Database\BaseBuilder.php(2345): CodeIgniter\Database\BaseConnection->query('INSERT INTO `tbl_rel_user_library` (`user_Id`, `music_Id`, `userLibrary_Activo`, `userLibrary_FechaAgregada`) VALUES (:user_Id:, :music_Id:, :userLibrary_Activo:, :userLibrary_FechaAgregada:)', [...], false)
 2 APPPATH\Controllers\SpotifyController.php(136): CodeIgniter\Database\BaseBuilder->insert([...])
 3 SYSTEMPATH\CodeIgniter.php(933): App\Controllers\SpotifyController->agregarBiblioteca(29)
 4 SYSTEMPATH\CodeIgniter.php(507): CodeIgniter\CodeIgniter->runController(Object(App\Controllers\SpotifyController))
 5 SYSTEMPATH\CodeIgniter.php(354): CodeIgniter\CodeIgniter->handleRequest(null, Object(Config\Cache), false)
 6 SYSTEMPATH\Boot.php(334): CodeIgniter\CodeIgniter->run()
 7 SYSTEMPATH\Boot.php(67): CodeIgniter\Boot::runCodeIgniter(Object(CodeIgniter\CodeIgniter))
 8 FCPATH\index.php(59): CodeIgniter\Boot::bootWeb(Object(Config\Paths))
CRITICAL - 2026-04-19 02:35:40 --> [Caused by] CodeIgniter\Database\Exceptions\DatabaseException: Cannot add or update a child row: a foreign key constraint fails (`dbspotifyclone`.`tbl_rel_user_library`, CONSTRAINT `fk_userlibrary_user` FOREIGN KEY (`user_Id`) REFERENCES `tbl_ope_users` (`user_Id`) ON DELETE CASCADE ON UPDATE CASCADE)
in SYSTEMPATH\Database\MySQLi\Connection.php on line 332.
 1 SYSTEMPATH\Database\BaseConnection.php(738): CodeIgniter\Database\MySQLi\Connection->execute('INSERT INTO `tbl_rel_user_library` (`user_Id`, `music_Id`, `userLibrary_Activo`, `userLibrary_FechaAgregada`) VALUES (\'3\', 29, 1, \'2026-04-19 02:35:40\')')
 2 SYSTEMPATH\Database\BaseConnection.php(652): CodeIgniter\Database\BaseConnection->simpleQuery('INSERT INTO `tbl_rel_user_library` (`user_Id`, `music_Id`, `userLibrary_Activo`, `userLibrary_FechaAgregada`) VALUES (\'3\', 29, 1, \'2026-04-19 02:35:40\')')
 3 SYSTEMPATH\Database\BaseBuilder.php(2345): CodeIgniter\Database\BaseConnection->query('INSERT INTO `tbl_rel_user_library` (`user_Id`, `music_Id`, `userLibrary_Activo`, `userLibrary_FechaAgregada`) VALUES (:user_Id:, :music_Id:, :userLibrary_Activo:, :userLibrary_FechaAgregada:)', [...], false)
 4 APPPATH\Controllers\SpotifyController.php(136): CodeIgniter\Database\BaseBuilder->insert([...])
 5 SYSTEMPATH\CodeIgniter.php(933): App\Controllers\SpotifyController->agregarBiblioteca(29)
 6 SYSTEMPATH\CodeIgniter.php(507): CodeIgniter\CodeIgniter->runController(Object(App\Controllers\SpotifyController))
 7 SYSTEMPATH\CodeIgniter.php(354): CodeIgniter\CodeIgniter->handleRequest(null, Object(Config\Cache), false)
 8 SYSTEMPATH\Boot.php(334): CodeIgniter\CodeIgniter->run()
 9 SYSTEMPATH\Boot.php(67): CodeIgniter\Boot::runCodeIgniter(Object(CodeIgniter\CodeIgniter))
10 FCPATH\index.php(59): CodeIgniter\Boot::bootWeb(Object(Config\Paths))
CRITICAL - 2026-04-19 02:35:40 --> [Caused by] mysqli_sql_exception: Cannot add or update a child row: a foreign key constraint fails (`dbspotifyclone`.`tbl_rel_user_library`, CONSTRAINT `fk_userlibrary_user` FOREIGN KEY (`user_Id`) REFERENCES `tbl_ope_users` (`user_Id`) ON DELETE CASCADE ON UPDATE CASCADE)
in SYSTEMPATH\Database\MySQLi\Connection.php on line 327.
 1 SYSTEMPATH\Database\MySQLi\Connection.php(327): mysqli->query('INSERT INTO `tbl_rel_user_library` (`user_Id`, `music_Id`, `userLibrary_Activo`, `userLibrary_FechaAgregada`) VALUES (\'3\', 29, 1, \'2026-04-19 02:35:40\')', 0)
 2 SYSTEMPATH\Database\BaseConnection.php(738): CodeIgniter\Database\MySQLi\Connection->execute('INSERT INTO `tbl_rel_user_library` (`user_Id`, `music_Id`, `userLibrary_Activo`, `userLibrary_FechaAgregada`) VALUES (\'3\', 29, 1, \'2026-04-19 02:35:40\')')
 3 SYSTEMPATH\Database\BaseConnection.php(652): CodeIgniter\Database\BaseConnection->simpleQuery('INSERT INTO `tbl_rel_user_library` (`user_Id`, `music_Id`, `userLibrary_Activo`, `userLibrary_FechaAgregada`) VALUES (\'3\', 29, 1, \'2026-04-19 02:35:40\')')
 4 SYSTEMPATH\Database\BaseBuilder.php(2345): CodeIgniter\Database\BaseConnection->query('INSERT INTO `tbl_rel_user_library` (`user_Id`, `music_Id`, `userLibrary_Activo`, `userLibrary_FechaAgregada`) VALUES (:user_Id:, :music_Id:, :userLibrary_Activo:, :userLibrary_FechaAgregada:)', [...], false)
 5 APPPATH\Controllers\SpotifyController.php(136): CodeIgniter\Database\BaseBuilder->insert([...])
 6 SYSTEMPATH\CodeIgniter.php(933): App\Controllers\SpotifyController->agregarBiblioteca(29)
 7 SYSTEMPATH\CodeIgniter.php(507): CodeIgniter\CodeIgniter->runController(Object(App\Controllers\SpotifyController))
 8 SYSTEMPATH\CodeIgniter.php(354): CodeIgniter\CodeIgniter->handleRequest(null, Object(Config\Cache), false)
 9 SYSTEMPATH\Boot.php(334): CodeIgniter\CodeIgniter->run()
10 SYSTEMPATH\Boot.php(67): CodeIgniter\Boot::runCodeIgniter(Object(CodeIgniter\CodeIgniter))
11 FCPATH\index.php(59): CodeIgniter\Boot::bootWeb(Object(Config\Paths))
DEBUG - 2026-04-19 02:35:47 --> Session: Class initialized using 'CodeIgniter\Session\Handlers\FileHandler' driver.
ERROR - 2026-04-19 02:35:47 --> mysqli_sql_exception: Cannot add or update a child row: a foreign key constraint fails (`dbspotifyclone`.`tbl_rel_user_library`, CONSTRAINT `fk_userlibrary_user` FOREIGN KEY (`user_Id`) REFERENCES `tbl_ope_users` (`user_Id`) ON DELETE CASCADE ON UPDATE CASCADE) in C:\xampp1\htdocs\Spotify-Chafa-3\vendor\codeigniter4\framework\system\Database\MySQLi\Connection.php:327
Stack trace:
#0 C:\xampp1\htdocs\Spotify-Chafa-3\vendor\codeigniter4\framework\system\Database\MySQLi\Connection.php(327): mysqli->query('INSERT INTO `tb...', 0)
#1 C:\xampp1\htdocs\Spotify-Chafa-3\vendor\codeigniter4\framework\system\Database\BaseConnection.php(738): CodeIgniter\Database\MySQLi\Connection->execute('INSERT INTO `tb...')
#2 C:\xampp1\htdocs\Spotify-Chafa-3\vendor\codeigniter4\framework\system\Database\BaseConnection.php(652): CodeIgniter\Database\BaseConnection->simpleQuery('INSERT INTO `tb...')
#3 C:\xampp1\htdocs\Spotify-Chafa-3\vendor\codeigniter4\framework\system\Database\BaseBuilder.php(2345): CodeIgniter\Database\BaseConnection->query('INSERT INTO `tb...', Array, false)
#4 C:\xampp1\htdocs\Spotify-Chafa-3\app\Controllers\SpotifyController.php(136): CodeIgniter\Database\BaseBuilder->insert(Array)
#5 C:\xampp1\htdocs\Spotify-Chafa-3\vendor\codeigniter4\framework\system\CodeIgniter.php(933): App\Controllers\SpotifyController->agregarBiblioteca(18)
#6 C:\xampp1\htdocs\Spotify-Chafa-3\vendor\codeigniter4\framework\system\CodeIgniter.php(507): CodeIgniter\CodeIgniter->runController(Object(App\Controllers\SpotifyController))
#7 C:\xampp1\htdocs\Spotify-Chafa-3\vendor\codeigniter4\framework\system\CodeIgniter.php(354): CodeIgniter\CodeIgniter->handleRequest(NULL, Object(Config\Cache), false)
#8 C:\xampp1\htdocs\Spotify-Chafa-3\vendor\codeigniter4\framework\system\Boot.php(334): CodeIgniter\CodeIgniter->run()
#9 C:\xampp1\htdocs\Spotify-Chafa-3\vendor\codeigniter4\framework\system\Boot.php(67): CodeIgniter\Boot::runCodeIgniter(Object(CodeIgniter\CodeIgniter))
#10 C:\xampp1\htdocs\Spotify-Chafa-3\public\index.php(59): CodeIgniter\Boot::bootWeb(Object(Config\Paths))
#11 {main}
CRITICAL - 2026-04-19 02:35:47 --> CodeIgniter\Database\Exceptions\DatabaseException: Cannot add or update a child row: a foreign key constraint fails (`dbspotifyclone`.`tbl_rel_user_library`, CONSTRAINT `fk_userlibrary_user` FOREIGN KEY (`user_Id`) REFERENCES `tbl_ope_users` (`user_Id`) ON DELETE CASCADE ON UPDATE CASCADE)
[Method: POST, Route: spotify/biblioteca/agregar/18]
in SYSTEMPATH\Database\BaseConnection.php on line 692.
 1 SYSTEMPATH\Database\BaseBuilder.php(2345): CodeIgniter\Database\BaseConnection->query('INSERT INTO `tbl_rel_user_library` (`user_Id`, `music_Id`, `userLibrary_Activo`, `userLibrary_FechaAgregada`) VALUES (:user_Id:, :music_Id:, :userLibrary_Activo:, :userLibrary_FechaAgregada:)', [...], false)
 2 APPPATH\Controllers\SpotifyController.php(136): CodeIgniter\Database\BaseBuilder->insert([...])
 3 SYSTEMPATH\CodeIgniter.php(933): App\Controllers\SpotifyController->agregarBiblioteca(18)
 4 SYSTEMPATH\CodeIgniter.php(507): CodeIgniter\CodeIgniter->runController(Object(App\Controllers\SpotifyController))
 5 SYSTEMPATH\CodeIgniter.php(354): CodeIgniter\CodeIgniter->handleRequest(null, Object(Config\Cache), false)
 6 SYSTEMPATH\Boot.php(334): CodeIgniter\CodeIgniter->run()
 7 SYSTEMPATH\Boot.php(67): CodeIgniter\Boot::runCodeIgniter(Object(CodeIgniter\CodeIgniter))
 8 FCPATH\index.php(59): CodeIgniter\Boot::bootWeb(Object(Config\Paths))
CRITICAL - 2026-04-19 02:35:47 --> [Caused by] CodeIgniter\Database\Exceptions\DatabaseException: Cannot add or update a child row: a foreign key constraint fails (`dbspotifyclone`.`tbl_rel_user_library`, CONSTRAINT `fk_userlibrary_user` FOREIGN KEY (`user_Id`) REFERENCES `tbl_ope_users` (`user_Id`) ON DELETE CASCADE ON UPDATE CASCADE)
in SYSTEMPATH\Database\MySQLi\Connection.php on line 332.
 1 SYSTEMPATH\Database\BaseConnection.php(738): CodeIgniter\Database\MySQLi\Connection->execute('INSERT INTO `tbl_rel_user_library` (`user_Id`, `music_Id`, `userLibrary_Activo`, `userLibrary_FechaAgregada`) VALUES (\'3\', 18, 1, \'2026-04-19 02:35:47\')')
 2 SYSTEMPATH\Database\BaseConnection.php(652): CodeIgniter\Database\BaseConnection->simpleQuery('INSERT INTO `tbl_rel_user_library` (`user_Id`, `music_Id`, `userLibrary_Activo`, `userLibrary_FechaAgregada`) VALUES (\'3\', 18, 1, \'2026-04-19 02:35:47\')')
 3 SYSTEMPATH\Database\BaseBuilder.php(2345): CodeIgniter\Database\BaseConnection->query('INSERT INTO `tbl_rel_user_library` (`user_Id`, `music_Id`, `userLibrary_Activo`, `userLibrary_FechaAgregada`) VALUES (:user_Id:, :music_Id:, :userLibrary_Activo:, :userLibrary_FechaAgregada:)', [...], false)
 4 APPPATH\Controllers\SpotifyController.php(136): CodeIgniter\Database\BaseBuilder->insert([...])
 5 SYSTEMPATH\CodeIgniter.php(933): App\Controllers\SpotifyController->agregarBiblioteca(18)
 6 SYSTEMPATH\CodeIgniter.php(507): CodeIgniter\CodeIgniter->runController(Object(App\Controllers\SpotifyController))
 7 SYSTEMPATH\CodeIgniter.php(354): CodeIgniter\CodeIgniter->handleRequest(null, Object(Config\Cache), false)
 8 SYSTEMPATH\Boot.php(334): CodeIgniter\CodeIgniter->run()
 9 SYSTEMPATH\Boot.php(67): CodeIgniter\Boot::runCodeIgniter(Object(CodeIgniter\CodeIgniter))
10 FCPATH\index.php(59): CodeIgniter\Boot::bootWeb(Object(Config\Paths))
CRITICAL - 2026-04-19 02:35:47 --> [Caused by] mysqli_sql_exception: Cannot add or update a child row: a foreign key constraint fails (`dbspotifyclone`.`tbl_rel_user_library`, CONSTRAINT `fk_userlibrary_user` FOREIGN KEY (`user_Id`) REFERENCES `tbl_ope_users` (`user_Id`) ON DELETE CASCADE ON UPDATE CASCADE)
in SYSTEMPATH\Database\MySQLi\Connection.php on line 327.
 1 SYSTEMPATH\Database\MySQLi\Connection.php(327): mysqli->query('INSERT INTO `tbl_rel_user_library` (`user_Id`, `music_Id`, `userLibrary_Activo`, `userLibrary_FechaAgregada`) VALUES (\'3\', 18, 1, \'2026-04-19 02:35:47\')', 0)
 2 SYSTEMPATH\Database\BaseConnection.php(738): CodeIgniter\Database\MySQLi\Connection->execute('INSERT INTO `tbl_rel_user_library` (`user_Id`, `music_Id`, `userLibrary_Activo`, `userLibrary_FechaAgregada`) VALUES (\'3\', 18, 1, \'2026-04-19 02:35:47\')')
 3 SYSTEMPATH\Database\BaseConnection.php(652): CodeIgniter\Database\BaseConnection->simpleQuery('INSERT INTO `tbl_rel_user_library` (`user_Id`, `music_Id`, `userLibrary_Activo`, `userLibrary_FechaAgregada`) VALUES (\'3\', 18, 1, \'2026-04-19 02:35:47\')')
 4 SYSTEMPATH\Database\BaseBuilder.php(2345): CodeIgniter\Database\BaseConnection->query('INSERT INTO `tbl_rel_user_library` (`user_Id`, `music_Id`, `userLibrary_Activo`, `userLibrary_FechaAgregada`) VALUES (:user_Id:, :music_Id:, :userLibrary_Activo:, :userLibrary_FechaAgregada:)', [...], false)
 5 APPPATH\Controllers\SpotifyController.php(136): CodeIgniter\Database\BaseBuilder->insert([...])
 6 SYSTEMPATH\CodeIgniter.php(933): App\Controllers\SpotifyController->agregarBiblioteca(18)
 7 SYSTEMPATH\CodeIgniter.php(507): CodeIgniter\CodeIgniter->runController(Object(App\Controllers\SpotifyController))
 8 SYSTEMPATH\CodeIgniter.php(354): CodeIgniter\CodeIgniter->handleRequest(null, Object(Config\Cache), false)
 9 SYSTEMPATH\Boot.php(334): CodeIgniter\CodeIgniter->run()
10 SYSTEMPATH\Boot.php(67): CodeIgniter\Boot::runCodeIgniter(Object(CodeIgniter\CodeIgniter))
11 FCPATH\index.php(59): CodeIgniter\Boot::bootWeb(Object(Config\Paths))
DEBUG - 2026-04-19 02:35:51 --> Session: Class initialized using 'CodeIgniter\Session\Handlers\FileHandler' driver.
DEBUG - 2026-04-19 02:35:52 --> Session: Class initialized using 'CodeIgniter\Session\Handlers\FileHandler' driver.
DEBUG - 2026-04-19 02:35:55 --> Session: Class initialized using 'CodeIgniter\Session\Handlers\FileHandler' driver.
ERROR - 2026-04-19 02:35:55 --> mysqli_sql_exception: Unknown column 'CASE WHEN ul.userLibrary_Id IS NULL THEN 0 ELSE 1 END' in 'field list' in C:\xampp1\htdocs\Spotify-Chafa-3\vendor\codeigniter4\framework\system\Database\MySQLi\Connection.php:327
Stack trace:
#0 C:\xampp1\htdocs\Spotify-Chafa-3\vendor\codeigniter4\framework\system\Database\MySQLi\Connection.php(327): mysqli->query('SELECT `m`.*, `...', 0)
#1 C:\xampp1\htdocs\Spotify-Chafa-3\vendor\codeigniter4\framework\system\Database\BaseConnection.php(738): CodeIgniter\Database\MySQLi\Connection->execute('SELECT `m`.*, `...')
#2 C:\xampp1\htdocs\Spotify-Chafa-3\vendor\codeigniter4\framework\system\Database\BaseConnection.php(652): CodeIgniter\Database\BaseConnection->simpleQuery('SELECT `m`.*, `...')
#3 C:\xampp1\htdocs\Spotify-Chafa-3\vendor\codeigniter4\framework\system\Database\BaseBuilder.php(1649): CodeIgniter\Database\BaseConnection->query('SELECT `m`.*, `...', Array, false)
#4 C:\xampp1\htdocs\Spotify-Chafa-3\app\Controllers\SpotifyController.php(73): CodeIgniter\Database\BaseBuilder->get()
#5 C:\xampp1\htdocs\Spotify-Chafa-3\vendor\codeigniter4\framework\system\CodeIgniter.php(933): App\Controllers\SpotifyController->buscar()
#6 C:\xampp1\htdocs\Spotify-Chafa-3\vendor\codeigniter4\framework\system\CodeIgniter.php(507): CodeIgniter\CodeIgniter->runController(Object(App\Controllers\SpotifyController))
#7 C:\xampp1\htdocs\Spotify-Chafa-3\vendor\codeigniter4\framework\system\CodeIgniter.php(354): CodeIgniter\CodeIgniter->handleRequest(NULL, Object(Config\Cache), false)
#8 C:\xampp1\htdocs\Spotify-Chafa-3\vendor\codeigniter4\framework\system\Boot.php(334): CodeIgniter\CodeIgniter->run()
#9 C:\xampp1\htdocs\Spotify-Chafa-3\vendor\codeigniter4\framework\system\Boot.php(67): CodeIgniter\Boot::runCodeIgniter(Object(CodeIgniter\CodeIgniter))
#10 C:\xampp1\htdocs\Spotify-Chafa-3\public\index.php(59): CodeIgniter\Boot::bootWeb(Object(Config\Paths))
#11 {main}
CRITICAL - 2026-04-19 02:35:55 --> CodeIgniter\Database\Exceptions\DatabaseException: Unknown column 'CASE WHEN ul.userLibrary_Id IS NULL THEN 0 ELSE 1 END' in 'field list'
[Method: GET, Route: spotify/buscar]
in SYSTEMPATH\Database\BaseConnection.php on line 692.
 1 SYSTEMPATH\Database\BaseBuilder.php(1649): CodeIgniter\Database\BaseConnection->query('SELECT `m`.*, `i`.`image_Url`, `CASE WHEN ul`.`userLibrary_Id IS NULL THEN 0 ELSE 1 END` AS `enBiblioteca`
FROM `tbl_ope_music` `m`
LEFT JOIN `tbl_ope_image` `i` ON `m`.`music_ImageId` = `i`.`image_Id`
LEFT JOIN `tbl_rel_user_library` `ul` ON `ul`.`music_Id` = `m`.`music_Id` AND `ul`.`user_Id` = 3 AND `ul`.`userLibrary_Activo` = 1
WHERE `m`.`music_Activo` = :m.music_Activo:', [...], false)
 2 APPPATH\Controllers\SpotifyController.php(73): CodeIgniter\Database\BaseBuilder->get()
 3 SYSTEMPATH\CodeIgniter.php(933): App\Controllers\SpotifyController->buscar()
 4 SYSTEMPATH\CodeIgniter.php(507): CodeIgniter\CodeIgniter->runController(Object(App\Controllers\SpotifyController))
 5 SYSTEMPATH\CodeIgniter.php(354): CodeIgniter\CodeIgniter->handleRequest(null, Object(Config\Cache), false)
 6 SYSTEMPATH\Boot.php(334): CodeIgniter\CodeIgniter->run()
 7 SYSTEMPATH\Boot.php(67): CodeIgniter\Boot::runCodeIgniter(Object(CodeIgniter\CodeIgniter))
 8 FCPATH\index.php(59): CodeIgniter\Boot::bootWeb(Object(Config\Paths))
CRITICAL - 2026-04-19 02:35:55 --> [Caused by] CodeIgniter\Database\Exceptions\DatabaseException: Unknown column 'CASE WHEN ul.userLibrary_Id IS NULL THEN 0 ELSE 1 END' in 'field list'
in SYSTEMPATH\Database\MySQLi\Connection.php on line 332.
 1 SYSTEMPATH\Database\BaseConnection.php(738): CodeIgniter\Database\MySQLi\Connection->execute('SELECT `m`.*, `i`.`image_Url`, `CASE WHEN ul`.`userLibrary_Id IS NULL THEN 0 ELSE 1 END` AS `enBiblioteca`
FROM `tbl_ope_music` `m`
LEFT JOIN `tbl_ope_image` `i` ON `m`.`music_ImageId` = `i`.`image_Id`
LEFT JOIN `tbl_rel_user_library` `ul` ON `ul`.`music_Id` = `m`.`music_Id` AND `ul`.`user_Id` = 3 AND `ul`.`userLibrary_Activo` = 1
WHERE `m`.`music_Activo` = 1')
 2 SYSTEMPATH\Database\BaseConnection.php(652): CodeIgniter\Database\BaseConnection->simpleQuery('SELECT `m`.*, `i`.`image_Url`, `CASE WHEN ul`.`userLibrary_Id IS NULL THEN 0 ELSE 1 END` AS `enBiblioteca`
FROM `tbl_ope_music` `m`
LEFT JOIN `tbl_ope_image` `i` ON `m`.`music_ImageId` = `i`.`image_Id`
LEFT JOIN `tbl_rel_user_library` `ul` ON `ul`.`music_Id` = `m`.`music_Id` AND `ul`.`user_Id` = 3 AND `ul`.`userLibrary_Activo` = 1
WHERE `m`.`music_Activo` = 1')
 3 SYSTEMPATH\Database\BaseBuilder.php(1649): CodeIgniter\Database\BaseConnection->query('SELECT `m`.*, `i`.`image_Url`, `CASE WHEN ul`.`userLibrary_Id IS NULL THEN 0 ELSE 1 END` AS `enBiblioteca`
FROM `tbl_ope_music` `m`
LEFT JOIN `tbl_ope_image` `i` ON `m`.`music_ImageId` = `i`.`image_Id`
LEFT JOIN `tbl_rel_user_library` `ul` ON `ul`.`music_Id` = `m`.`music_Id` AND `ul`.`user_Id` = 3 AND `ul`.`userLibrary_Activo` = 1
WHERE `m`.`music_Activo` = :m.music_Activo:', [...], false)
 4 APPPATH\Controllers\SpotifyController.php(73): CodeIgniter\Database\BaseBuilder->get()
 5 SYSTEMPATH\CodeIgniter.php(933): App\Controllers\SpotifyController->buscar()
 6 SYSTEMPATH\CodeIgniter.php(507): CodeIgniter\CodeIgniter->runController(Object(App\Controllers\SpotifyController))
 7 SYSTEMPATH\CodeIgniter.php(354): CodeIgniter\CodeIgniter->handleRequest(null, Object(Config\Cache), false)
 8 SYSTEMPATH\Boot.php(334): CodeIgniter\CodeIgniter->run()
 9 SYSTEMPATH\Boot.php(67): CodeIgniter\Boot::runCodeIgniter(Object(CodeIgniter\CodeIgniter))
10 FCPATH\index.php(59): CodeIgniter\Boot::bootWeb(Object(Config\Paths))
CRITICAL - 2026-04-19 02:35:55 --> [Caused by] mysqli_sql_exception: Unknown column 'CASE WHEN ul.userLibrary_Id IS NULL THEN 0 ELSE 1 END' in 'field list'
in SYSTEMPATH\Database\MySQLi\Connection.php on line 327.
 1 SYSTEMPATH\Database\MySQLi\Connection.php(327): mysqli->query('SELECT `m`.*, `i`.`image_Url`, `CASE WHEN ul`.`userLibrary_Id IS NULL THEN 0 ELSE 1 END` AS `enBiblioteca`
FROM `tbl_ope_music` `m`
LEFT JOIN `tbl_ope_image` `i` ON `m`.`music_ImageId` = `i`.`image_Id`
LEFT JOIN `tbl_rel_user_library` `ul` ON `ul`.`music_Id` = `m`.`music_Id` AND `ul`.`user_Id` = 3 AND `ul`.`userLibrary_Activo` = 1
WHERE `m`.`music_Activo` = 1', 0)
 2 SYSTEMPATH\Database\BaseConnection.php(738): CodeIgniter\Database\MySQLi\Connection->execute('SELECT `m`.*, `i`.`image_Url`, `CASE WHEN ul`.`userLibrary_Id IS NULL THEN 0 ELSE 1 END` AS `enBiblioteca`
FROM `tbl_ope_music` `m`
LEFT JOIN `tbl_ope_image` `i` ON `m`.`music_ImageId` = `i`.`image_Id`
LEFT JOIN `tbl_rel_user_library` `ul` ON `ul`.`music_Id` = `m`.`music_Id` AND `ul`.`user_Id` = 3 AND `ul`.`userLibrary_Activo` = 1
WHERE `m`.`music_Activo` = 1')
 3 SYSTEMPATH\Database\BaseConnection.php(652): CodeIgniter\Database\BaseConnection->simpleQuery('SELECT `m`.*, `i`.`image_Url`, `CASE WHEN ul`.`userLibrary_Id IS NULL THEN 0 ELSE 1 END` AS `enBiblioteca`
FROM `tbl_ope_music` `m`
LEFT JOIN `tbl_ope_image` `i` ON `m`.`music_ImageId` = `i`.`image_Id`
LEFT JOIN `tbl_rel_user_library` `ul` ON `ul`.`music_Id` = `m`.`music_Id` AND `ul`.`user_Id` = 3 AND `ul`.`userLibrary_Activo` = 1
WHERE `m`.`music_Activo` = 1')
 4 SYSTEMPATH\Database\BaseBuilder.php(1649): CodeIgniter\Database\BaseConnection->query('SELECT `m`.*, `i`.`image_Url`, `CASE WHEN ul`.`userLibrary_Id IS NULL THEN 0 ELSE 1 END` AS `enBiblioteca`
FROM `tbl_ope_music` `m`
LEFT JOIN `tbl_ope_image` `i` ON `m`.`music_ImageId` = `i`.`image_Id`
LEFT JOIN `tbl_rel_user_library` `ul` ON `ul`.`music_Id` = `m`.`music_Id` AND `ul`.`user_Id` = 3 AND `ul`.`userLibrary_Activo` = 1
WHERE `m`.`music_Activo` = :m.music_Activo:', [...], false)
 5 APPPATH\Controllers\SpotifyController.php(73): CodeIgniter\Database\BaseBuilder->get()
 6 SYSTEMPATH\CodeIgniter.php(933): App\Controllers\SpotifyController->buscar()
 7 SYSTEMPATH\CodeIgniter.php(507): CodeIgniter\CodeIgniter->runController(Object(App\Controllers\SpotifyController))
 8 SYSTEMPATH\CodeIgniter.php(354): CodeIgniter\CodeIgniter->handleRequest(null, Object(Config\Cache), false)
 9 SYSTEMPATH\Boot.php(334): CodeIgniter\CodeIgniter->run()
10 SYSTEMPATH\Boot.php(67): CodeIgniter\Boot::runCodeIgniter(Object(CodeIgniter\CodeIgniter))
11 FCPATH\index.php(59): CodeIgniter\Boot::bootWeb(Object(Config\Paths))
DEBUG - 2026-04-19 02:35:58 --> Session: Class initialized using 'CodeIgniter\Session\Handlers\FileHandler' driver.
DEBUG - 2026-04-19 02:36:36 --> Session: Class initialized using 'CodeIgniter\Session\Handlers\FileHandler' driver.
ERROR - 2026-04-19 02:36:36 --> mysqli_sql_exception: Cannot add or update a child row: a foreign key constraint fails (`dbspotifyclone`.`tbl_rel_user_library`, CONSTRAINT `fk_userlibrary_user` FOREIGN KEY (`user_Id`) REFERENCES `tbl_ope_users` (`user_Id`) ON DELETE CASCADE ON UPDATE CASCADE) in C:\xampp1\htdocs\Spotify-Chafa-3\vendor\codeigniter4\framework\system\Database\MySQLi\Connection.php:327
Stack trace:
#0 C:\xampp1\htdocs\Spotify-Chafa-3\vendor\codeigniter4\framework\system\Database\MySQLi\Connection.php(327): mysqli->query('INSERT INTO `tb...', 0)
#1 C:\xampp1\htdocs\Spotify-Chafa-3\vendor\codeigniter4\framework\system\Database\BaseConnection.php(738): CodeIgniter\Database\MySQLi\Connection->execute('INSERT INTO `tb...')
#2 C:\xampp1\htdocs\Spotify-Chafa-3\vendor\codeigniter4\framework\system\Database\BaseConnection.php(652): CodeIgniter\Database\BaseConnection->simpleQuery('INSERT INTO `tb...')
#3 C:\xampp1\htdocs\Spotify-Chafa-3\vendor\codeigniter4\framework\system\Database\BaseBuilder.php(2345): CodeIgniter\Database\BaseConnection->query('INSERT INTO `tb...', Array, false)
#4 C:\xampp1\htdocs\Spotify-Chafa-3\app\Controllers\SpotifyController.php(136): CodeIgniter\Database\BaseBuilder->insert(Array)
#5 C:\xampp1\htdocs\Spotify-Chafa-3\vendor\codeigniter4\framework\system\CodeIgniter.php(933): App\Controllers\SpotifyController->agregarBiblioteca(22)
#6 C:\xampp1\htdocs\Spotify-Chafa-3\vendor\codeigniter4\framework\system\CodeIgniter.php(507): CodeIgniter\CodeIgniter->runController(Object(App\Controllers\SpotifyController))
#7 C:\xampp1\htdocs\Spotify-Chafa-3\vendor\codeigniter4\framework\system\CodeIgniter.php(354): CodeIgniter\CodeIgniter->handleRequest(NULL, Object(Config\Cache), false)
#8 C:\xampp1\htdocs\Spotify-Chafa-3\vendor\codeigniter4\framework\system\Boot.php(334): CodeIgniter\CodeIgniter->run()
#9 C:\xampp1\htdocs\Spotify-Chafa-3\vendor\codeigniter4\framework\system\Boot.php(67): CodeIgniter\Boot::runCodeIgniter(Object(CodeIgniter\CodeIgniter))
#10 C:\xampp1\htdocs\Spotify-Chafa-3\public\index.php(59): CodeIgniter\Boot::bootWeb(Object(Config\Paths))
#11 {main}
CRITICAL - 2026-04-19 02:36:36 --> CodeIgniter\Database\Exceptions\DatabaseException: Cannot add or update a child row: a foreign key constraint fails (`dbspotifyclone`.`tbl_rel_user_library`, CONSTRAINT `fk_userlibrary_user` FOREIGN KEY (`user_Id`) REFERENCES `tbl_ope_users` (`user_Id`) ON DELETE CASCADE ON UPDATE CASCADE)
[Method: POST, Route: spotify/biblioteca/agregar/22]
in SYSTEMPATH\Database\BaseConnection.php on line 692.
 1 SYSTEMPATH\Database\BaseBuilder.php(2345): CodeIgniter\Database\BaseConnection->query('INSERT INTO `tbl_rel_user_library` (`user_Id`, `music_Id`, `userLibrary_Activo`, `userLibrary_FechaAgregada`) VALUES (:user_Id:, :music_Id:, :userLibrary_Activo:, :userLibrary_FechaAgregada:)', [...], false)
 2 APPPATH\Controllers\SpotifyController.php(136): CodeIgniter\Database\BaseBuilder->insert([...])
 3 SYSTEMPATH\CodeIgniter.php(933): App\Controllers\SpotifyController->agregarBiblioteca(22)
 4 SYSTEMPATH\CodeIgniter.php(507): CodeIgniter\CodeIgniter->runController(Object(App\Controllers\SpotifyController))
 5 SYSTEMPATH\CodeIgniter.php(354): CodeIgniter\CodeIgniter->handleRequest(null, Object(Config\Cache), false)
 6 SYSTEMPATH\Boot.php(334): CodeIgniter\CodeIgniter->run()
 7 SYSTEMPATH\Boot.php(67): CodeIgniter\Boot::runCodeIgniter(Object(CodeIgniter\CodeIgniter))
 8 FCPATH\index.php(59): CodeIgniter\Boot::bootWeb(Object(Config\Paths))
CRITICAL - 2026-04-19 02:36:36 --> [Caused by] CodeIgniter\Database\Exceptions\DatabaseException: Cannot add or update a child row: a foreign key constraint fails (`dbspotifyclone`.`tbl_rel_user_library`, CONSTRAINT `fk_userlibrary_user` FOREIGN KEY (`user_Id`) REFERENCES `tbl_ope_users` (`user_Id`) ON DELETE CASCADE ON UPDATE CASCADE)
in SYSTEMPATH\Database\MySQLi\Connection.php on line 332.
 1 SYSTEMPATH\Database\BaseConnection.php(738): CodeIgniter\Database\MySQLi\Connection->execute('INSERT INTO `tbl_rel_user_library` (`user_Id`, `music_Id`, `userLibrary_Activo`, `userLibrary_FechaAgregada`) VALUES (\'3\', 22, 1, \'2026-04-19 02:36:36\')')
 2 SYSTEMPATH\Database\BaseConnection.php(652): CodeIgniter\Database\BaseConnection->simpleQuery('INSERT INTO `tbl_rel_user_library` (`user_Id`, `music_Id`, `userLibrary_Activo`, `userLibrary_FechaAgregada`) VALUES (\'3\', 22, 1, \'2026-04-19 02:36:36\')')
 3 SYSTEMPATH\Database\BaseBuilder.php(2345): CodeIgniter\Database\BaseConnection->query('INSERT INTO `tbl_rel_user_library` (`user_Id`, `music_Id`, `userLibrary_Activo`, `userLibrary_FechaAgregada`) VALUES (:user_Id:, :music_Id:, :userLibrary_Activo:, :userLibrary_FechaAgregada:)', [...], false)
 4 APPPATH\Controllers\SpotifyController.php(136): CodeIgniter\Database\BaseBuilder->insert([...])
 5 SYSTEMPATH\CodeIgniter.php(933): App\Controllers\SpotifyController->agregarBiblioteca(22)
 6 SYSTEMPATH\CodeIgniter.php(507): CodeIgniter\CodeIgniter->runController(Object(App\Controllers\SpotifyController))
 7 SYSTEMPATH\CodeIgniter.php(354): CodeIgniter\CodeIgniter->handleRequest(null, Object(Config\Cache), false)
 8 SYSTEMPATH\Boot.php(334): CodeIgniter\CodeIgniter->run()
 9 SYSTEMPATH\Boot.php(67): CodeIgniter\Boot::runCodeIgniter(Object(CodeIgniter\CodeIgniter))
10 FCPATH\index.php(59): CodeIgniter\Boot::bootWeb(Object(Config\Paths))
CRITICAL - 2026-04-19 02:36:36 --> [Caused by] mysqli_sql_exception: Cannot add or update a child row: a foreign key constraint fails (`dbspotifyclone`.`tbl_rel_user_library`, CONSTRAINT `fk_userlibrary_user` FOREIGN KEY (`user_Id`) REFERENCES `tbl_ope_users` (`user_Id`) ON DELETE CASCADE ON UPDATE CASCADE)
in SYSTEMPATH\Database\MySQLi\Connection.php on line 327.
 1 SYSTEMPATH\Database\MySQLi\Connection.php(327): mysqli->query('INSERT INTO `tbl_rel_user_library` (`user_Id`, `music_Id`, `userLibrary_Activo`, `userLibrary_FechaAgregada`) VALUES (\'3\', 22, 1, \'2026-04-19 02:36:36\')', 0)
 2 SYSTEMPATH\Database\BaseConnection.php(738): CodeIgniter\Database\MySQLi\Connection->execute('INSERT INTO `tbl_rel_user_library` (`user_Id`, `music_Id`, `userLibrary_Activo`, `userLibrary_FechaAgregada`) VALUES (\'3\', 22, 1, \'2026-04-19 02:36:36\')')
 3 SYSTEMPATH\Database\BaseConnection.php(652): CodeIgniter\Database\BaseConnection->simpleQuery('INSERT INTO `tbl_rel_user_library` (`user_Id`, `music_Id`, `userLibrary_Activo`, `userLibrary_FechaAgregada`) VALUES (\'3\', 22, 1, \'2026-04-19 02:36:36\')')
 4 SYSTEMPATH\Database\BaseBuilder.php(2345): CodeIgniter\Database\BaseConnection->query('INSERT INTO `tbl_rel_user_library` (`user_Id`, `music_Id`, `userLibrary_Activo`, `userLibrary_FechaAgregada`) VALUES (:user_Id:, :music_Id:, :userLibrary_Activo:, :userLibrary_FechaAgregada:)', [...], false)
 5 APPPATH\Controllers\SpotifyController.php(136): CodeIgniter\Database\BaseBuilder->insert([...])
 6 SYSTEMPATH\CodeIgniter.php(933): App\Controllers\SpotifyController->agregarBiblioteca(22)
 7 SYSTEMPATH\CodeIgniter.php(507): CodeIgniter\CodeIgniter->runController(Object(App\Controllers\SpotifyController))
 8 SYSTEMPATH\CodeIgniter.php(354): CodeIgniter\CodeIgniter->handleRequest(null, Object(Config\Cache), false)
 9 SYSTEMPATH\Boot.php(334): CodeIgniter\CodeIgniter->run()
10 SYSTEMPATH\Boot.php(67): CodeIgniter\Boot::runCodeIgniter(Object(CodeIgniter\CodeIgniter))
11 FCPATH\index.php(59): CodeIgniter\Boot::bootWeb(Object(Config\Paths))
DEBUG - 2026-04-19 02:37:15 --> Session: Class initialized using 'CodeIgniter\Session\Handlers\FileHandler' driver.
DEBUG - 2026-04-19 02:37:17 --> Session: Class initialized using 'CodeIgniter\Session\Handlers\FileHandler' driver.
DEBUG - 2026-04-19 02:37:17 --> Session: Class initialized using 'CodeIgniter\Session\Handlers\FileHandler' driver.
DEBUG - 2026-04-19 02:37:36 --> Session: Class initialized using 'CodeIgniter\Session\Handlers\FileHandler' driver.
DEBUG - 2026-04-19 02:37:36 --> Session: Class initialized using 'CodeIgniter\Session\Handlers\FileHandler' driver.
DEBUG - 2026-04-19 02:37:41 --> Session: Class initialized using 'CodeIgniter\Session\Handlers\FileHandler' driver.
DEBUG - 2026-04-19 02:37:42 --> Session: Class initialized using 'CodeIgniter\Session\Handlers\FileHandler' driver.
DEBUG - 2026-04-19 02:37:44 --> Session: Class initialized using 'CodeIgniter\Session\Handlers\FileHandler' driver.
DEBUG - 2026-04-19 02:37:44 --> Session: Class initialized using 'CodeIgniter\Session\Handlers\FileHandler' driver.
DEBUG - 2026-04-19 02:37:46 --> Session: Class initialized using 'CodeIgniter\Session\Handlers\FileHandler' driver.
DEBUG - 2026-04-19 02:37:50 --> Session: Class initialized using 'CodeIgniter\Session\Handlers\FileHandler' driver.
DEBUG - 2026-04-19 02:37:50 --> Session: Class initialized using 'CodeIgniter\Session\Handlers\FileHandler' driver.
DEBUG - 2026-04-19 02:37:53 --> Session: Class initialized using 'CodeIgniter\Session\Handlers\FileHandler' driver.
DEBUG - 2026-04-19 02:37:53 --> Session: Class initialized using 'CodeIgniter\Session\Handlers\FileHandler' driver.
DEBUG - 2026-04-19 02:37:53 --> Session: Class initialized using 'CodeIgniter\Session\Handlers\FileHandler' driver.
DEBUG - 2026-04-19 02:37:56 --> Session: Class initialized using 'CodeIgniter\Session\Handlers\FileHandler' driver.
DEBUG - 2026-04-19 02:37:58 --> Session: Class initialized using 'CodeIgniter\Session\Handlers\FileHandler' driver.
ERROR - 2026-04-19 02:37:58 --> mysqli_sql_exception: Unknown column 'CASE WHEN ul.userLibrary_Id IS NULL THEN 0 ELSE 1 END' in 'field list' in C:\xampp1\htdocs\Spotify-Chafa-3\vendor\codeigniter4\framework\system\Database\MySQLi\Connection.php:327
Stack trace:
#0 C:\xampp1\htdocs\Spotify-Chafa-3\vendor\codeigniter4\framework\system\Database\MySQLi\Connection.php(327): mysqli->query('SELECT `m`.*, `...', 0)
#1 C:\xampp1\htdocs\Spotify-Chafa-3\vendor\codeigniter4\framework\system\Database\BaseConnection.php(738): CodeIgniter\Database\MySQLi\Connection->execute('SELECT `m`.*, `...')
#2 C:\xampp1\htdocs\Spotify-Chafa-3\vendor\codeigniter4\framework\system\Database\BaseConnection.php(652): CodeIgniter\Database\BaseConnection->simpleQuery('SELECT `m`.*, `...')
#3 C:\xampp1\htdocs\Spotify-Chafa-3\vendor\codeigniter4\framework\system\Database\BaseBuilder.php(1649): CodeIgniter\Database\BaseConnection->query('SELECT `m`.*, `...', Array, false)
#4 C:\xampp1\htdocs\Spotify-Chafa-3\app\Controllers\SpotifyController.php(73): CodeIgniter\Database\BaseBuilder->get()
#5 C:\xampp1\htdocs\Spotify-Chafa-3\vendor\codeigniter4\framework\system\CodeIgniter.php(933): App\Controllers\SpotifyController->buscar()
#6 C:\xampp1\htdocs\Spotify-Chafa-3\vendor\codeigniter4\framework\system\CodeIgniter.php(507): CodeIgniter\CodeIgniter->runController(Object(App\Controllers\SpotifyController))
#7 C:\xampp1\htdocs\Spotify-Chafa-3\vendor\codeigniter4\framework\system\CodeIgniter.php(354): CodeIgniter\CodeIgniter->handleRequest(NULL, Object(Config\Cache), false)
#8 C:\xampp1\htdocs\Spotify-Chafa-3\vendor\codeigniter4\framework\system\Boot.php(334): CodeIgniter\CodeIgniter->run()
#9 C:\xampp1\htdocs\Spotify-Chafa-3\vendor\codeigniter4\framework\system\Boot.php(67): CodeIgniter\Boot::runCodeIgniter(Object(CodeIgniter\CodeIgniter))
#10 C:\xampp1\htdocs\Spotify-Chafa-3\public\index.php(59): CodeIgniter\Boot::bootWeb(Object(Config\Paths))
#11 {main}
CRITICAL - 2026-04-19 02:37:58 --> CodeIgniter\Database\Exceptions\DatabaseException: Unknown column 'CASE WHEN ul.userLibrary_Id IS NULL THEN 0 ELSE 1 END' in 'field list'
[Method: GET, Route: spotify/buscar]
in SYSTEMPATH\Database\BaseConnection.php on line 692.
 1 SYSTEMPATH\Database\BaseBuilder.php(1649): CodeIgniter\Database\BaseConnection->query('SELECT `m`.*, `i`.`image_Url`, `CASE WHEN ul`.`userLibrary_Id IS NULL THEN 0 ELSE 1 END` AS `enBiblioteca`
FROM `tbl_ope_music` `m`
LEFT JOIN `tbl_ope_image` `i` ON `m`.`music_ImageId` = `i`.`image_Id`
LEFT JOIN `tbl_rel_user_library` `ul` ON `ul`.`music_Id` = `m`.`music_Id` AND `ul`.`user_Id` = 3 AND `ul`.`userLibrary_Activo` = 1
WHERE `m`.`music_Activo` = :m.music_Activo:', [...], false)
 2 APPPATH\Controllers\SpotifyController.php(73): CodeIgniter\Database\BaseBuilder->get()
 3 SYSTEMPATH\CodeIgniter.php(933): App\Controllers\SpotifyController->buscar()
 4 SYSTEMPATH\CodeIgniter.php(507): CodeIgniter\CodeIgniter->runController(Object(App\Controllers\SpotifyController))
 5 SYSTEMPATH\CodeIgniter.php(354): CodeIgniter\CodeIgniter->handleRequest(null, Object(Config\Cache), false)
 6 SYSTEMPATH\Boot.php(334): CodeIgniter\CodeIgniter->run()
 7 SYSTEMPATH\Boot.php(67): CodeIgniter\Boot::runCodeIgniter(Object(CodeIgniter\CodeIgniter))
 8 FCPATH\index.php(59): CodeIgniter\Boot::bootWeb(Object(Config\Paths))
CRITICAL - 2026-04-19 02:37:58 --> [Caused by] CodeIgniter\Database\Exceptions\DatabaseException: Unknown column 'CASE WHEN ul.userLibrary_Id IS NULL THEN 0 ELSE 1 END' in 'field list'
in SYSTEMPATH\Database\MySQLi\Connection.php on line 332.
 1 SYSTEMPATH\Database\BaseConnection.php(738): CodeIgniter\Database\MySQLi\Connection->execute('SELECT `m`.*, `i`.`image_Url`, `CASE WHEN ul`.`userLibrary_Id IS NULL THEN 0 ELSE 1 END` AS `enBiblioteca`
FROM `tbl_ope_music` `m`
LEFT JOIN `tbl_ope_image` `i` ON `m`.`music_ImageId` = `i`.`image_Id`
LEFT JOIN `tbl_rel_user_library` `ul` ON `ul`.`music_Id` = `m`.`music_Id` AND `ul`.`user_Id` = 3 AND `ul`.`userLibrary_Activo` = 1
WHERE `m`.`music_Activo` = 1')
 2 SYSTEMPATH\Database\BaseConnection.php(652): CodeIgniter\Database\BaseConnection->simpleQuery('SELECT `m`.*, `i`.`image_Url`, `CASE WHEN ul`.`userLibrary_Id IS NULL THEN 0 ELSE 1 END` AS `enBiblioteca`
FROM `tbl_ope_music` `m`
LEFT JOIN `tbl_ope_image` `i` ON `m`.`music_ImageId` = `i`.`image_Id`
LEFT JOIN `tbl_rel_user_library` `ul` ON `ul`.`music_Id` = `m`.`music_Id` AND `ul`.`user_Id` = 3 AND `ul`.`userLibrary_Activo` = 1
WHERE `m`.`music_Activo` = 1')
 3 SYSTEMPATH\Database\BaseBuilder.php(1649): CodeIgniter\Database\BaseConnection->query('SELECT `m`.*, `i`.`image_Url`, `CASE WHEN ul`.`userLibrary_Id IS NULL THEN 0 ELSE 1 END` AS `enBiblioteca`
FROM `tbl_ope_music` `m`
LEFT JOIN `tbl_ope_image` `i` ON `m`.`music_ImageId` = `i`.`image_Id`
LEFT JOIN `tbl_rel_user_library` `ul` ON `ul`.`music_Id` = `m`.`music_Id` AND `ul`.`user_Id` = 3 AND `ul`.`userLibrary_Activo` = 1
WHERE `m`.`music_Activo` = :m.music_Activo:', [...], false)
 4 APPPATH\Controllers\SpotifyController.php(73): CodeIgniter\Database\BaseBuilder->get()
 5 SYSTEMPATH\CodeIgniter.php(933): App\Controllers\SpotifyController->buscar()
 6 SYSTEMPATH\CodeIgniter.php(507): CodeIgniter\CodeIgniter->runController(Object(App\Controllers\SpotifyController))
 7 SYSTEMPATH\CodeIgniter.php(354): CodeIgniter\CodeIgniter->handleRequest(null, Object(Config\Cache), false)
 8 SYSTEMPATH\Boot.php(334): CodeIgniter\CodeIgniter->run()
 9 SYSTEMPATH\Boot.php(67): CodeIgniter\Boot::runCodeIgniter(Object(CodeIgniter\CodeIgniter))
10 FCPATH\index.php(59): CodeIgniter\Boot::bootWeb(Object(Config\Paths))
CRITICAL - 2026-04-19 02:37:58 --> [Caused by] mysqli_sql_exception: Unknown column 'CASE WHEN ul.userLibrary_Id IS NULL THEN 0 ELSE 1 END' in 'field list'
in SYSTEMPATH\Database\MySQLi\Connection.php on line 327.
 1 SYSTEMPATH\Database\MySQLi\Connection.php(327): mysqli->query('SELECT `m`.*, `i`.`image_Url`, `CASE WHEN ul`.`userLibrary_Id IS NULL THEN 0 ELSE 1 END` AS `enBiblioteca`
FROM `tbl_ope_music` `m`
LEFT JOIN `tbl_ope_image` `i` ON `m`.`music_ImageId` = `i`.`image_Id`
LEFT JOIN `tbl_rel_user_library` `ul` ON `ul`.`music_Id` = `m`.`music_Id` AND `ul`.`user_Id` = 3 AND `ul`.`userLibrary_Activo` = 1
WHERE `m`.`music_Activo` = 1', 0)
 2 SYSTEMPATH\Database\BaseConnection.php(738): CodeIgniter\Database\MySQLi\Connection->execute('SELECT `m`.*, `i`.`image_Url`, `CASE WHEN ul`.`userLibrary_Id IS NULL THEN 0 ELSE 1 END` AS `enBiblioteca`
FROM `tbl_ope_music` `m`
LEFT JOIN `tbl_ope_image` `i` ON `m`.`music_ImageId` = `i`.`image_Id`
LEFT JOIN `tbl_rel_user_library` `ul` ON `ul`.`music_Id` = `m`.`music_Id` AND `ul`.`user_Id` = 3 AND `ul`.`userLibrary_Activo` = 1
WHERE `m`.`music_Activo` = 1')
 3 SYSTEMPATH\Database\BaseConnection.php(652): CodeIgniter\Database\BaseConnection->simpleQuery('SELECT `m`.*, `i`.`image_Url`, `CASE WHEN ul`.`userLibrary_Id IS NULL THEN 0 ELSE 1 END` AS `enBiblioteca`
FROM `tbl_ope_music` `m`
LEFT JOIN `tbl_ope_image` `i` ON `m`.`music_ImageId` = `i`.`image_Id`
LEFT JOIN `tbl_rel_user_library` `ul` ON `ul`.`music_Id` = `m`.`music_Id` AND `ul`.`user_Id` = 3 AND `ul`.`userLibrary_Activo` = 1
WHERE `m`.`music_Activo` = 1')
 4 SYSTEMPATH\Database\BaseBuilder.php(1649): CodeIgniter\Database\BaseConnection->query('SELECT `m`.*, `i`.`image_Url`, `CASE WHEN ul`.`userLibrary_Id IS NULL THEN 0 ELSE 1 END` AS `enBiblioteca`
FROM `tbl_ope_music` `m`
LEFT JOIN `tbl_ope_image` `i` ON `m`.`music_ImageId` = `i`.`image_Id`
LEFT JOIN `tbl_rel_user_library` `ul` ON `ul`.`music_Id` = `m`.`music_Id` AND `ul`.`user_Id` = 3 AND `ul`.`userLibrary_Activo` = 1
WHERE `m`.`music_Activo` = :m.music_Activo:', [...], false)
 5 APPPATH\Controllers\SpotifyController.php(73): CodeIgniter\Database\BaseBuilder->get()
 6 SYSTEMPATH\CodeIgniter.php(933): App\Controllers\SpotifyController->buscar()
 7 SYSTEMPATH\CodeIgniter.php(507): CodeIgniter\CodeIgniter->runController(Object(App\Controllers\SpotifyController))
 8 SYSTEMPATH\CodeIgniter.php(354): CodeIgniter\CodeIgniter->handleRequest(null, Object(Config\Cache), false)
 9 SYSTEMPATH\Boot.php(334): CodeIgniter\CodeIgniter->run()
10 SYSTEMPATH\Boot.php(67): CodeIgniter\Boot::runCodeIgniter(Object(CodeIgniter\CodeIgniter))
11 FCPATH\index.php(59): CodeIgniter\Boot::bootWeb(Object(Config\Paths))
DEBUG - 2026-04-19 02:38:00 --> Session: Class initialized using 'CodeIgniter\Session\Handlers\FileHandler' driver.
DEBUG - 2026-04-19 02:41:05 --> Session: Class initialized using 'CodeIgniter\Session\Handlers\FileHandler' driver.
DEBUG - 2026-04-19 02:41:06 --> Session: Class initialized using 'CodeIgniter\Session\Handlers\FileHandler' driver.
DEBUG - 2026-04-19 02:41:08 --> Session: Class initialized using 'CodeIgniter\Session\Handlers\FileHandler' driver.
DEBUG - 2026-04-19 02:41:10 --> Session: Class initialized using 'CodeIgniter\Session\Handlers\FileHandler' driver.
ERROR - 2026-04-19 02:41:10 --> mysqli_sql_exception: Unknown column 'CASE WHEN ul.userLibrary_Id IS NULL THEN 0 ELSE 1 END' in 'field list' in C:\xampp1\htdocs\Spotify-Chafa-3\vendor\codeigniter4\framework\system\Database\MySQLi\Connection.php:327
Stack trace:
#0 C:\xampp1\htdocs\Spotify-Chafa-3\vendor\codeigniter4\framework\system\Database\MySQLi\Connection.php(327): mysqli->query('SELECT `m`.*, `...', 0)
#1 C:\xampp1\htdocs\Spotify-Chafa-3\vendor\codeigniter4\framework\system\Database\BaseConnection.php(738): CodeIgniter\Database\MySQLi\Connection->execute('SELECT `m`.*, `...')
#2 C:\xampp1\htdocs\Spotify-Chafa-3\vendor\codeigniter4\framework\system\Database\BaseConnection.php(652): CodeIgniter\Database\BaseConnection->simpleQuery('SELECT `m`.*, `...')
#3 C:\xampp1\htdocs\Spotify-Chafa-3\vendor\codeigniter4\framework\system\Database\BaseBuilder.php(1649): CodeIgniter\Database\BaseConnection->query('SELECT `m`.*, `...', Array, false)
#4 C:\xampp1\htdocs\Spotify-Chafa-3\app\Controllers\SpotifyController.php(73): CodeIgniter\Database\BaseBuilder->get()
#5 C:\xampp1\htdocs\Spotify-Chafa-3\vendor\codeigniter4\framework\system\CodeIgniter.php(933): App\Controllers\SpotifyController->buscar()
#6 C:\xampp1\htdocs\Spotify-Chafa-3\vendor\codeigniter4\framework\system\CodeIgniter.php(507): CodeIgniter\CodeIgniter->runController(Object(App\Controllers\SpotifyController))
#7 C:\xampp1\htdocs\Spotify-Chafa-3\vendor\codeigniter4\framework\system\CodeIgniter.php(354): CodeIgniter\CodeIgniter->handleRequest(NULL, Object(Config\Cache), false)
#8 C:\xampp1\htdocs\Spotify-Chafa-3\vendor\codeigniter4\framework\system\Boot.php(334): CodeIgniter\CodeIgniter->run()
#9 C:\xampp1\htdocs\Spotify-Chafa-3\vendor\codeigniter4\framework\system\Boot.php(67): CodeIgniter\Boot::runCodeIgniter(Object(CodeIgniter\CodeIgniter))
#10 C:\xampp1\htdocs\Spotify-Chafa-3\public\index.php(59): CodeIgniter\Boot::bootWeb(Object(Config\Paths))
#11 {main}
CRITICAL - 2026-04-19 02:41:10 --> CodeIgniter\Database\Exceptions\DatabaseException: Unknown column 'CASE WHEN ul.userLibrary_Id IS NULL THEN 0 ELSE 1 END' in 'field list'
[Method: GET, Route: spotify/buscar]
in SYSTEMPATH\Database\BaseConnection.php on line 692.
 1 SYSTEMPATH\Database\BaseBuilder.php(1649): CodeIgniter\Database\BaseConnection->query('SELECT `m`.*, `i`.`image_Url`, `CASE WHEN ul`.`userLibrary_Id IS NULL THEN 0 ELSE 1 END` AS `enBiblioteca`
FROM `tbl_ope_music` `m`
LEFT JOIN `tbl_ope_image` `i` ON `m`.`music_ImageId` = `i`.`image_Id`
LEFT JOIN `tbl_rel_user_library` `ul` ON `ul`.`music_Id` = `m`.`music_Id` AND `ul`.`user_Id` = 3 AND `ul`.`userLibrary_Activo` = 1
WHERE `m`.`music_Activo` = :m.music_Activo:', [...], false)
 2 APPPATH\Controllers\SpotifyController.php(73): CodeIgniter\Database\BaseBuilder->get()
 3 SYSTEMPATH\CodeIgniter.php(933): App\Controllers\SpotifyController->buscar()
 4 SYSTEMPATH\CodeIgniter.php(507): CodeIgniter\CodeIgniter->runController(Object(App\Controllers\SpotifyController))
 5 SYSTEMPATH\CodeIgniter.php(354): CodeIgniter\CodeIgniter->handleRequest(null, Object(Config\Cache), false)
 6 SYSTEMPATH\Boot.php(334): CodeIgniter\CodeIgniter->run()
 7 SYSTEMPATH\Boot.php(67): CodeIgniter\Boot::runCodeIgniter(Object(CodeIgniter\CodeIgniter))
 8 FCPATH\index.php(59): CodeIgniter\Boot::bootWeb(Object(Config\Paths))
CRITICAL - 2026-04-19 02:41:10 --> [Caused by] CodeIgniter\Database\Exceptions\DatabaseException: Unknown column 'CASE WHEN ul.userLibrary_Id IS NULL THEN 0 ELSE 1 END' in 'field list'
in SYSTEMPATH\Database\MySQLi\Connection.php on line 332.
 1 SYSTEMPATH\Database\BaseConnection.php(738): CodeIgniter\Database\MySQLi\Connection->execute('SELECT `m`.*, `i`.`image_Url`, `CASE WHEN ul`.`userLibrary_Id IS NULL THEN 0 ELSE 1 END` AS `enBiblioteca`
FROM `tbl_ope_music` `m`
LEFT JOIN `tbl_ope_image` `i` ON `m`.`music_ImageId` = `i`.`image_Id`
LEFT JOIN `tbl_rel_user_library` `ul` ON `ul`.`music_Id` = `m`.`music_Id` AND `ul`.`user_Id` = 3 AND `ul`.`userLibrary_Activo` = 1
WHERE `m`.`music_Activo` = 1')
 2 SYSTEMPATH\Database\BaseConnection.php(652): CodeIgniter\Database\BaseConnection->simpleQuery('SELECT `m`.*, `i`.`image_Url`, `CASE WHEN ul`.`userLibrary_Id IS NULL THEN 0 ELSE 1 END` AS `enBiblioteca`
FROM `tbl_ope_music` `m`
LEFT JOIN `tbl_ope_image` `i` ON `m`.`music_ImageId` = `i`.`image_Id`
LEFT JOIN `tbl_rel_user_library` `ul` ON `ul`.`music_Id` = `m`.`music_Id` AND `ul`.`user_Id` = 3 AND `ul`.`userLibrary_Activo` = 1
WHERE `m`.`music_Activo` = 1')
 3 SYSTEMPATH\Database\BaseBuilder.php(1649): CodeIgniter\Database\BaseConnection->query('SELECT `m`.*, `i`.`image_Url`, `CASE WHEN ul`.`userLibrary_Id IS NULL THEN 0 ELSE 1 END` AS `enBiblioteca`
FROM `tbl_ope_music` `m`
LEFT JOIN `tbl_ope_image` `i` ON `m`.`music_ImageId` = `i`.`image_Id`
LEFT JOIN `tbl_rel_user_library` `ul` ON `ul`.`music_Id` = `m`.`music_Id` AND `ul`.`user_Id` = 3 AND `ul`.`userLibrary_Activo` = 1
WHERE `m`.`music_Activo` = :m.music_Activo:', [...], false)
 4 APPPATH\Controllers\SpotifyController.php(73): CodeIgniter\Database\BaseBuilder->get()
 5 SYSTEMPATH\CodeIgniter.php(933): App\Controllers\SpotifyController->buscar()
 6 SYSTEMPATH\CodeIgniter.php(507): CodeIgniter\CodeIgniter->runController(Object(App\Controllers\SpotifyController))
 7 SYSTEMPATH\CodeIgniter.php(354): CodeIgniter\CodeIgniter->handleRequest(null, Object(Config\Cache), false)
 8 SYSTEMPATH\Boot.php(334): CodeIgniter\CodeIgniter->run()
 9 SYSTEMPATH\Boot.php(67): CodeIgniter\Boot::runCodeIgniter(Object(CodeIgniter\CodeIgniter))
10 FCPATH\index.php(59): CodeIgniter\Boot::bootWeb(Object(Config\Paths))
CRITICAL - 2026-04-19 02:41:10 --> [Caused by] mysqli_sql_exception: Unknown column 'CASE WHEN ul.userLibrary_Id IS NULL THEN 0 ELSE 1 END' in 'field list'
in SYSTEMPATH\Database\MySQLi\Connection.php on line 327.
 1 SYSTEMPATH\Database\MySQLi\Connection.php(327): mysqli->query('SELECT `m`.*, `i`.`image_Url`, `CASE WHEN ul`.`userLibrary_Id IS NULL THEN 0 ELSE 1 END` AS `enBiblioteca`
FROM `tbl_ope_music` `m`
LEFT JOIN `tbl_ope_image` `i` ON `m`.`music_ImageId` = `i`.`image_Id`
LEFT JOIN `tbl_rel_user_library` `ul` ON `ul`.`music_Id` = `m`.`music_Id` AND `ul`.`user_Id` = 3 AND `ul`.`userLibrary_Activo` = 1
WHERE `m`.`music_Activo` = 1', 0)
 2 SYSTEMPATH\Database\BaseConnection.php(738): CodeIgniter\Database\MySQLi\Connection->execute('SELECT `m`.*, `i`.`image_Url`, `CASE WHEN ul`.`userLibrary_Id IS NULL THEN 0 ELSE 1 END` AS `enBiblioteca`
FROM `tbl_ope_music` `m`
LEFT JOIN `tbl_ope_image` `i` ON `m`.`music_ImageId` = `i`.`image_Id`
LEFT JOIN `tbl_rel_user_library` `ul` ON `ul`.`music_Id` = `m`.`music_Id` AND `ul`.`user_Id` = 3 AND `ul`.`userLibrary_Activo` = 1
WHERE `m`.`music_Activo` = 1')
 3 SYSTEMPATH\Database\BaseConnection.php(652): CodeIgniter\Database\BaseConnection->simpleQuery('SELECT `m`.*, `i`.`image_Url`, `CASE WHEN ul`.`userLibrary_Id IS NULL THEN 0 ELSE 1 END` AS `enBiblioteca`
FROM `tbl_ope_music` `m`
LEFT JOIN `tbl_ope_image` `i` ON `m`.`music_ImageId` = `i`.`image_Id`
LEFT JOIN `tbl_rel_user_library` `ul` ON `ul`.`music_Id` = `m`.`music_Id` AND `ul`.`user_Id` = 3 AND `ul`.`userLibrary_Activo` = 1
WHERE `m`.`music_Activo` = 1')
 4 SYSTEMPATH\Database\BaseBuilder.php(1649): CodeIgniter\Database\BaseConnection->query('SELECT `m`.*, `i`.`image_Url`, `CASE WHEN ul`.`userLibrary_Id IS NULL THEN 0 ELSE 1 END` AS `enBiblioteca`
FROM `tbl_ope_music` `m`
LEFT JOIN `tbl_ope_image` `i` ON `m`.`music_ImageId` = `i`.`image_Id`
LEFT JOIN `tbl_rel_user_library` `ul` ON `ul`.`music_Id` = `m`.`music_Id` AND `ul`.`user_Id` = 3 AND `ul`.`userLibrary_Activo` = 1
WHERE `m`.`music_Activo` = :m.music_Activo:', [...], false)
 5 APPPATH\Controllers\SpotifyController.php(73): CodeIgniter\Database\BaseBuilder->get()
 6 SYSTEMPATH\CodeIgniter.php(933): App\Controllers\SpotifyController->buscar()
 7 SYSTEMPATH\CodeIgniter.php(507): CodeIgniter\CodeIgniter->runController(Object(App\Controllers\SpotifyController))
 8 SYSTEMPATH\CodeIgniter.php(354): CodeIgniter\CodeIgniter->handleRequest(null, Object(Config\Cache), false)
 9 SYSTEMPATH\Boot.php(334): CodeIgniter\CodeIgniter->run()
10 SYSTEMPATH\Boot.php(67): CodeIgniter\Boot::runCodeIgniter(Object(CodeIgniter\CodeIgniter))
11 FCPATH\index.php(59): CodeIgniter\Boot::bootWeb(Object(Config\Paths))
DEBUG - 2026-04-19 02:41:52 --> Session: Class initialized using 'CodeIgniter\Session\Handlers\FileHandler' driver.
ERROR - 2026-04-19 02:41:52 --> mysqli_sql_exception: Unknown column 'CASE WHEN ul.userLibrary_Id IS NULL THEN 0 ELSE 1 END' in 'field list' in C:\xampp1\htdocs\Spotify-Chafa-3\vendor\codeigniter4\framework\system\Database\MySQLi\Connection.php:327
Stack trace:
#0 C:\xampp1\htdocs\Spotify-Chafa-3\vendor\codeigniter4\framework\system\Database\MySQLi\Connection.php(327): mysqli->query('SELECT `m`.*, `...', 0)
#1 C:\xampp1\htdocs\Spotify-Chafa-3\vendor\codeigniter4\framework\system\Database\BaseConnection.php(738): CodeIgniter\Database\MySQLi\Connection->execute('SELECT `m`.*, `...')
#2 C:\xampp1\htdocs\Spotify-Chafa-3\vendor\codeigniter4\framework\system\Database\BaseConnection.php(652): CodeIgniter\Database\BaseConnection->simpleQuery('SELECT `m`.*, `...')
#3 C:\xampp1\htdocs\Spotify-Chafa-3\vendor\codeigniter4\framework\system\Database\BaseBuilder.php(1649): CodeIgniter\Database\BaseConnection->query('SELECT `m`.*, `...', Array, false)
#4 C:\xampp1\htdocs\Spotify-Chafa-3\app\Controllers\SpotifyController.php(73): CodeIgniter\Database\BaseBuilder->get()
#5 C:\xampp1\htdocs\Spotify-Chafa-3\vendor\codeigniter4\framework\system\CodeIgniter.php(933): App\Controllers\SpotifyController->buscar()
#6 C:\xampp1\htdocs\Spotify-Chafa-3\vendor\codeigniter4\framework\system\CodeIgniter.php(507): CodeIgniter\CodeIgniter->runController(Object(App\Controllers\SpotifyController))
#7 C:\xampp1\htdocs\Spotify-Chafa-3\vendor\codeigniter4\framework\system\CodeIgniter.php(354): CodeIgniter\CodeIgniter->handleRequest(NULL, Object(Config\Cache), false)
#8 C:\xampp1\htdocs\Spotify-Chafa-3\vendor\codeigniter4\framework\system\Boot.php(334): CodeIgniter\CodeIgniter->run()
#9 C:\xampp1\htdocs\Spotify-Chafa-3\vendor\codeigniter4\framework\system\Boot.php(67): CodeIgniter\Boot::runCodeIgniter(Object(CodeIgniter\CodeIgniter))
#10 C:\xampp1\htdocs\Spotify-Chafa-3\public\index.php(59): CodeIgniter\Boot::bootWeb(Object(Config\Paths))
#11 {main}
CRITICAL - 2026-04-19 02:41:52 --> CodeIgniter\Database\Exceptions\DatabaseException: Unknown column 'CASE WHEN ul.userLibrary_Id IS NULL THEN 0 ELSE 1 END' in 'field list'
[Method: GET, Route: spotify/buscar]
in SYSTEMPATH\Database\BaseConnection.php on line 692.
 1 SYSTEMPATH\Database\BaseBuilder.php(1649): CodeIgniter\Database\BaseConnection->query('SELECT `m`.*, `i`.`image_Url`, `CASE WHEN ul`.`userLibrary_Id IS NULL THEN 0 ELSE 1 END` AS `enBiblioteca`
FROM `tbl_ope_music` `m`
LEFT JOIN `tbl_ope_image` `i` ON `m`.`music_ImageId` = `i`.`image_Id`
LEFT JOIN `tbl_rel_user_library` `ul` ON `ul`.`music_Id` = `m`.`music_Id` AND `ul`.`user_Id` = 3 AND `ul`.`userLibrary_Activo` = 1
WHERE `m`.`music_Activo` = :m.music_Activo:', [...], false)
 2 APPPATH\Controllers\SpotifyController.php(73): CodeIgniter\Database\BaseBuilder->get()
 3 SYSTEMPATH\CodeIgniter.php(933): App\Controllers\SpotifyController->buscar()
 4 SYSTEMPATH\CodeIgniter.php(507): CodeIgniter\CodeIgniter->runController(Object(App\Controllers\SpotifyController))
 5 SYSTEMPATH\CodeIgniter.php(354): CodeIgniter\CodeIgniter->handleRequest(null, Object(Config\Cache), false)
 6 SYSTEMPATH\Boot.php(334): CodeIgniter\CodeIgniter->run()
 7 SYSTEMPATH\Boot.php(67): CodeIgniter\Boot::runCodeIgniter(Object(CodeIgniter\CodeIgniter))
 8 FCPATH\index.php(59): CodeIgniter\Boot::bootWeb(Object(Config\Paths))
CRITICAL - 2026-04-19 02:41:52 --> [Caused by] CodeIgniter\Database\Exceptions\DatabaseException: Unknown column 'CASE WHEN ul.userLibrary_Id IS NULL THEN 0 ELSE 1 END' in 'field list'
in SYSTEMPATH\Database\MySQLi\Connection.php on line 332.
 1 SYSTEMPATH\Database\BaseConnection.php(738): CodeIgniter\Database\MySQLi\Connection->execute('SELECT `m`.*, `i`.`image_Url`, `CASE WHEN ul`.`userLibrary_Id IS NULL THEN 0 ELSE 1 END` AS `enBiblioteca`
FROM `tbl_ope_music` `m`
LEFT JOIN `tbl_ope_image` `i` ON `m`.`music_ImageId` = `i`.`image_Id`
LEFT JOIN `tbl_rel_user_library` `ul` ON `ul`.`music_Id` = `m`.`music_Id` AND `ul`.`user_Id` = 3 AND `ul`.`userLibrary_Activo` = 1
WHERE `m`.`music_Activo` = 1')
 2 SYSTEMPATH\Database\BaseConnection.php(652): CodeIgniter\Database\BaseConnection->simpleQuery('SELECT `m`.*, `i`.`image_Url`, `CASE WHEN ul`.`userLibrary_Id IS NULL THEN 0 ELSE 1 END` AS `enBiblioteca`
FROM `tbl_ope_music` `m`
LEFT JOIN `tbl_ope_image` `i` ON `m`.`music_ImageId` = `i`.`image_Id`
LEFT JOIN `tbl_rel_user_library` `ul` ON `ul`.`music_Id` = `m`.`music_Id` AND `ul`.`user_Id` = 3 AND `ul`.`userLibrary_Activo` = 1
WHERE `m`.`music_Activo` = 1')
 3 SYSTEMPATH\Database\BaseBuilder.php(1649): CodeIgniter\Database\BaseConnection->query('SELECT `m`.*, `i`.`image_Url`, `CASE WHEN ul`.`userLibrary_Id IS NULL THEN 0 ELSE 1 END` AS `enBiblioteca`
FROM `tbl_ope_music` `m`
LEFT JOIN `tbl_ope_image` `i` ON `m`.`music_ImageId` = `i`.`image_Id`
LEFT JOIN `tbl_rel_user_library` `ul` ON `ul`.`music_Id` = `m`.`music_Id` AND `ul`.`user_Id` = 3 AND `ul`.`userLibrary_Activo` = 1
WHERE `m`.`music_Activo` = :m.music_Activo:', [...], false)
 4 APPPATH\Controllers\SpotifyController.php(73): CodeIgniter\Database\BaseBuilder->get()
 5 SYSTEMPATH\CodeIgniter.php(933): App\Controllers\SpotifyController->buscar()
 6 SYSTEMPATH\CodeIgniter.php(507): CodeIgniter\CodeIgniter->runController(Object(App\Controllers\SpotifyController))
 7 SYSTEMPATH\CodeIgniter.php(354): CodeIgniter\CodeIgniter->handleRequest(null, Object(Config\Cache), false)
 8 SYSTEMPATH\Boot.php(334): CodeIgniter\CodeIgniter->run()
 9 SYSTEMPATH\Boot.php(67): CodeIgniter\Boot::runCodeIgniter(Object(CodeIgniter\CodeIgniter))
10 FCPATH\index.php(59): CodeIgniter\Boot::bootWeb(Object(Config\Paths))
CRITICAL - 2026-04-19 02:41:52 --> [Caused by] mysqli_sql_exception: Unknown column 'CASE WHEN ul.userLibrary_Id IS NULL THEN 0 ELSE 1 END' in 'field list'
in SYSTEMPATH\Database\MySQLi\Connection.php on line 327.
 1 SYSTEMPATH\Database\MySQLi\Connection.php(327): mysqli->query('SELECT `m`.*, `i`.`image_Url`, `CASE WHEN ul`.`userLibrary_Id IS NULL THEN 0 ELSE 1 END` AS `enBiblioteca`
FROM `tbl_ope_music` `m`
LEFT JOIN `tbl_ope_image` `i` ON `m`.`music_ImageId` = `i`.`image_Id`
LEFT JOIN `tbl_rel_user_library` `ul` ON `ul`.`music_Id` = `m`.`music_Id` AND `ul`.`user_Id` = 3 AND `ul`.`userLibrary_Activo` = 1
WHERE `m`.`music_Activo` = 1', 0)
 2 SYSTEMPATH\Database\BaseConnection.php(738): CodeIgniter\Database\MySQLi\Connection->execute('SELECT `m`.*, `i`.`image_Url`, `CASE WHEN ul`.`userLibrary_Id IS NULL THEN 0 ELSE 1 END` AS `enBiblioteca`
FROM `tbl_ope_music` `m`
LEFT JOIN `tbl_ope_image` `i` ON `m`.`music_ImageId` = `i`.`image_Id`
LEFT JOIN `tbl_rel_user_library` `ul` ON `ul`.`music_Id` = `m`.`music_Id` AND `ul`.`user_Id` = 3 AND `ul`.`userLibrary_Activo` = 1
WHERE `m`.`music_Activo` = 1')
 3 SYSTEMPATH\Database\BaseConnection.php(652): CodeIgniter\Database\BaseConnection->simpleQuery('SELECT `m`.*, `i`.`image_Url`, `CASE WHEN ul`.`userLibrary_Id IS NULL THEN 0 ELSE 1 END` AS `enBiblioteca`
FROM `tbl_ope_music` `m`
LEFT JOIN `tbl_ope_image` `i` ON `m`.`music_ImageId` = `i`.`image_Id`
LEFT JOIN `tbl_rel_user_library` `ul` ON `ul`.`music_Id` = `m`.`music_Id` AND `ul`.`user_Id` = 3 AND `ul`.`userLibrary_Activo` = 1
WHERE `m`.`music_Activo` = 1')
 4 SYSTEMPATH\Database\BaseBuilder.php(1649): CodeIgniter\Database\BaseConnection->query('SELECT `m`.*, `i`.`image_Url`, `CASE WHEN ul`.`userLibrary_Id IS NULL THEN 0 ELSE 1 END` AS `enBiblioteca`
FROM `tbl_ope_music` `m`
LEFT JOIN `tbl_ope_image` `i` ON `m`.`music_ImageId` = `i`.`image_Id`
LEFT JOIN `tbl_rel_user_library` `ul` ON `ul`.`music_Id` = `m`.`music_Id` AND `ul`.`user_Id` = 3 AND `ul`.`userLibrary_Activo` = 1
WHERE `m`.`music_Activo` = :m.music_Activo:', [...], false)
 5 APPPATH\Controllers\SpotifyController.php(73): CodeIgniter\Database\BaseBuilder->get()
 6 SYSTEMPATH\CodeIgniter.php(933): App\Controllers\SpotifyController->buscar()
 7 SYSTEMPATH\CodeIgniter.php(507): CodeIgniter\CodeIgniter->runController(Object(App\Controllers\SpotifyController))
 8 SYSTEMPATH\CodeIgniter.php(354): CodeIgniter\CodeIgniter->handleRequest(null, Object(Config\Cache), false)
 9 SYSTEMPATH\Boot.php(334): CodeIgniter\CodeIgniter->run()
10 SYSTEMPATH\Boot.php(67): CodeIgniter\Boot::runCodeIgniter(Object(CodeIgniter\CodeIgniter))
11 FCPATH\index.php(59): CodeIgniter\Boot::bootWeb(Object(Config\Paths))
DEBUG - 2026-04-19 02:41:54 --> Session: Class initialized using 'CodeIgniter\Session\Handlers\FileHandler' driver.
DEBUG - 2026-04-19 02:42:11 --> Session: Class initialized using 'CodeIgniter\Session\Handlers\FileHandler' driver.
ERROR - 2026-04-19 02:42:11 --> mysqli_sql_exception: Unknown column 'CASE WHEN ul.userLibrary_Id IS NULL THEN 0 ELSE 1 END' in 'field list' in C:\xampp1\htdocs\Spotify-Chafa-3\vendor\codeigniter4\framework\system\Database\MySQLi\Connection.php:327
Stack trace:
#0 C:\xampp1\htdocs\Spotify-Chafa-3\vendor\codeigniter4\framework\system\Database\MySQLi\Connection.php(327): mysqli->query('SELECT `m`.*, `...', 0)
#1 C:\xampp1\htdocs\Spotify-Chafa-3\vendor\codeigniter4\framework\system\Database\BaseConnection.php(738): CodeIgniter\Database\MySQLi\Connection->execute('SELECT `m`.*, `...')
#2 C:\xampp1\htdocs\Spotify-Chafa-3\vendor\codeigniter4\framework\system\Database\BaseConnection.php(652): CodeIgniter\Database\BaseConnection->simpleQuery('SELECT `m`.*, `...')
#3 C:\xampp1\htdocs\Spotify-Chafa-3\vendor\codeigniter4\framework\system\Database\BaseBuilder.php(1649): CodeIgniter\Database\BaseConnection->query('SELECT `m`.*, `...', Array, false)
#4 C:\xampp1\htdocs\Spotify-Chafa-3\app\Controllers\SpotifyController.php(73): CodeIgniter\Database\BaseBuilder->get()
#5 C:\xampp1\htdocs\Spotify-Chafa-3\vendor\codeigniter4\framework\system\CodeIgniter.php(933): App\Controllers\SpotifyController->buscar()
#6 C:\xampp1\htdocs\Spotify-Chafa-3\vendor\codeigniter4\framework\system\CodeIgniter.php(507): CodeIgniter\CodeIgniter->runController(Object(App\Controllers\SpotifyController))
#7 C:\xampp1\htdocs\Spotify-Chafa-3\vendor\codeigniter4\framework\system\CodeIgniter.php(354): CodeIgniter\CodeIgniter->handleRequest(NULL, Object(Config\Cache), false)
#8 C:\xampp1\htdocs\Spotify-Chafa-3\vendor\codeigniter4\framework\system\Boot.php(334): CodeIgniter\CodeIgniter->run()
#9 C:\xampp1\htdocs\Spotify-Chafa-3\vendor\codeigniter4\framework\system\Boot.php(67): CodeIgniter\Boot::runCodeIgniter(Object(CodeIgniter\CodeIgniter))
#10 C:\xampp1\htdocs\Spotify-Chafa-3\public\index.php(59): CodeIgniter\Boot::bootWeb(Object(Config\Paths))
#11 {main}
CRITICAL - 2026-04-19 02:42:11 --> CodeIgniter\Database\Exceptions\DatabaseException: Unknown column 'CASE WHEN ul.userLibrary_Id IS NULL THEN 0 ELSE 1 END' in 'field list'
[Method: GET, Route: spotify/buscar]
in SYSTEMPATH\Database\BaseConnection.php on line 692.
 1 SYSTEMPATH\Database\BaseBuilder.php(1649): CodeIgniter\Database\BaseConnection->query('SELECT `m`.*, `i`.`image_Url`, `CASE WHEN ul`.`userLibrary_Id IS NULL THEN 0 ELSE 1 END` AS `enBiblioteca`
FROM `tbl_ope_music` `m`
LEFT JOIN `tbl_ope_image` `i` ON `m`.`music_ImageId` = `i`.`image_Id`
LEFT JOIN `tbl_rel_user_library` `ul` ON `ul`.`music_Id` = `m`.`music_Id` AND `ul`.`user_Id` = 3 AND `ul`.`userLibrary_Activo` = 1
WHERE `m`.`music_Activo` = :m.music_Activo:', [...], false)
 2 APPPATH\Controllers\SpotifyController.php(73): CodeIgniter\Database\BaseBuilder->get()
 3 SYSTEMPATH\CodeIgniter.php(933): App\Controllers\SpotifyController->buscar()
 4 SYSTEMPATH\CodeIgniter.php(507): CodeIgniter\CodeIgniter->runController(Object(App\Controllers\SpotifyController))
 5 SYSTEMPATH\CodeIgniter.php(354): CodeIgniter\CodeIgniter->handleRequest(null, Object(Config\Cache), false)
 6 SYSTEMPATH\Boot.php(334): CodeIgniter\CodeIgniter->run()
 7 SYSTEMPATH\Boot.php(67): CodeIgniter\Boot::runCodeIgniter(Object(CodeIgniter\CodeIgniter))
 8 FCPATH\index.php(59): CodeIgniter\Boot::bootWeb(Object(Config\Paths))
CRITICAL - 2026-04-19 02:42:11 --> [Caused by] CodeIgniter\Database\Exceptions\DatabaseException: Unknown column 'CASE WHEN ul.userLibrary_Id IS NULL THEN 0 ELSE 1 END' in 'field list'
in SYSTEMPATH\Database\MySQLi\Connection.php on line 332.
 1 SYSTEMPATH\Database\BaseConnection.php(738): CodeIgniter\Database\MySQLi\Connection->execute('SELECT `m`.*, `i`.`image_Url`, `CASE WHEN ul`.`userLibrary_Id IS NULL THEN 0 ELSE 1 END` AS `enBiblioteca`
FROM `tbl_ope_music` `m`
LEFT JOIN `tbl_ope_image` `i` ON `m`.`music_ImageId` = `i`.`image_Id`
LEFT JOIN `tbl_rel_user_library` `ul` ON `ul`.`music_Id` = `m`.`music_Id` AND `ul`.`user_Id` = 3 AND `ul`.`userLibrary_Activo` = 1
WHERE `m`.`music_Activo` = 1')
 2 SYSTEMPATH\Database\BaseConnection.php(652): CodeIgniter\Database\BaseConnection->simpleQuery('SELECT `m`.*, `i`.`image_Url`, `CASE WHEN ul`.`userLibrary_Id IS NULL THEN 0 ELSE 1 END` AS `enBiblioteca`
FROM `tbl_ope_music` `m`
LEFT JOIN `tbl_ope_image` `i` ON `m`.`music_ImageId` = `i`.`image_Id`
LEFT JOIN `tbl_rel_user_library` `ul` ON `ul`.`music_Id` = `m`.`music_Id` AND `ul`.`user_Id` = 3 AND `ul`.`userLibrary_Activo` = 1
WHERE `m`.`music_Activo` = 1')
 3 SYSTEMPATH\Database\BaseBuilder.php(1649): CodeIgniter\Database\BaseConnection->query('SELECT `m`.*, `i`.`image_Url`, `CASE WHEN ul`.`userLibrary_Id IS NULL THEN 0 ELSE 1 END` AS `enBiblioteca`
FROM `tbl_ope_music` `m`
LEFT JOIN `tbl_ope_image` `i` ON `m`.`music_ImageId` = `i`.`image_Id`
LEFT JOIN `tbl_rel_user_library` `ul` ON `ul`.`music_Id` = `m`.`music_Id` AND `ul`.`user_Id` = 3 AND `ul`.`userLibrary_Activo` = 1
WHERE `m`.`music_Activo` = :m.music_Activo:', [...], false)
 4 APPPATH\Controllers\SpotifyController.php(73): CodeIgniter\Database\BaseBuilder->get()
 5 SYSTEMPATH\CodeIgniter.php(933): App\Controllers\SpotifyController->buscar()
 6 SYSTEMPATH\CodeIgniter.php(507): CodeIgniter\CodeIgniter->runController(Object(App\Controllers\SpotifyController))
 7 SYSTEMPATH\CodeIgniter.php(354): CodeIgniter\CodeIgniter->handleRequest(null, Object(Config\Cache), false)
 8 SYSTEMPATH\Boot.php(334): CodeIgniter\CodeIgniter->run()
 9 SYSTEMPATH\Boot.php(67): CodeIgniter\Boot::runCodeIgniter(Object(CodeIgniter\CodeIgniter))
10 FCPATH\index.php(59): CodeIgniter\Boot::bootWeb(Object(Config\Paths))
CRITICAL - 2026-04-19 02:42:11 --> [Caused by] mysqli_sql_exception: Unknown column 'CASE WHEN ul.userLibrary_Id IS NULL THEN 0 ELSE 1 END' in 'field list'
in SYSTEMPATH\Database\MySQLi\Connection.php on line 327.
 1 SYSTEMPATH\Database\MySQLi\Connection.php(327): mysqli->query('SELECT `m`.*, `i`.`image_Url`, `CASE WHEN ul`.`userLibrary_Id IS NULL THEN 0 ELSE 1 END` AS `enBiblioteca`
FROM `tbl_ope_music` `m`
LEFT JOIN `tbl_ope_image` `i` ON `m`.`music_ImageId` = `i`.`image_Id`
LEFT JOIN `tbl_rel_user_library` `ul` ON `ul`.`music_Id` = `m`.`music_Id` AND `ul`.`user_Id` = 3 AND `ul`.`userLibrary_Activo` = 1
WHERE `m`.`music_Activo` = 1', 0)
 2 SYSTEMPATH\Database\BaseConnection.php(738): CodeIgniter\Database\MySQLi\Connection->execute('SELECT `m`.*, `i`.`image_Url`, `CASE WHEN ul`.`userLibrary_Id IS NULL THEN 0 ELSE 1 END` AS `enBiblioteca`
FROM `tbl_ope_music` `m`
LEFT JOIN `tbl_ope_image` `i` ON `m`.`music_ImageId` = `i`.`image_Id`
LEFT JOIN `tbl_rel_user_library` `ul` ON `ul`.`music_Id` = `m`.`music_Id` AND `ul`.`user_Id` = 3 AND `ul`.`userLibrary_Activo` = 1
WHERE `m`.`music_Activo` = 1')
 3 SYSTEMPATH\Database\BaseConnection.php(652): CodeIgniter\Database\BaseConnection->simpleQuery('SELECT `m`.*, `i`.`image_Url`, `CASE WHEN ul`.`userLibrary_Id IS NULL THEN 0 ELSE 1 END` AS `enBiblioteca`
FROM `tbl_ope_music` `m`
LEFT JOIN `tbl_ope_image` `i` ON `m`.`music_ImageId` = `i`.`image_Id`
LEFT JOIN `tbl_rel_user_library` `ul` ON `ul`.`music_Id` = `m`.`music_Id` AND `ul`.`user_Id` = 3 AND `ul`.`userLibrary_Activo` = 1
WHERE `m`.`music_Activo` = 1')
 4 SYSTEMPATH\Database\BaseBuilder.php(1649): CodeIgniter\Database\BaseConnection->query('SELECT `m`.*, `i`.`image_Url`, `CASE WHEN ul`.`userLibrary_Id IS NULL THEN 0 ELSE 1 END` AS `enBiblioteca`
FROM `tbl_ope_music` `m`
LEFT JOIN `tbl_ope_image` `i` ON `m`.`music_ImageId` = `i`.`image_Id`
LEFT JOIN `tbl_rel_user_library` `ul` ON `ul`.`music_Id` = `m`.`music_Id` AND `ul`.`user_Id` = 3 AND `ul`.`userLibrary_Activo` = 1
WHERE `m`.`music_Activo` = :m.music_Activo:', [...], false)
 5 APPPATH\Controllers\SpotifyController.php(73): CodeIgniter\Database\BaseBuilder->get()
 6 SYSTEMPATH\CodeIgniter.php(933): App\Controllers\SpotifyController->buscar()
 7 SYSTEMPATH\CodeIgniter.php(507): CodeIgniter\CodeIgniter->runController(Object(App\Controllers\SpotifyController))
 8 SYSTEMPATH\CodeIgniter.php(354): CodeIgniter\CodeIgniter->handleRequest(null, Object(Config\Cache), false)
 9 SYSTEMPATH\Boot.php(334): CodeIgniter\CodeIgniter->run()
10 SYSTEMPATH\Boot.php(67): CodeIgniter\Boot::runCodeIgniter(Object(CodeIgniter\CodeIgniter))
11 FCPATH\index.php(59): CodeIgniter\Boot::bootWeb(Object(Config\Paths))
DEBUG - 2026-04-19 02:43:07 --> Session: Class initialized using 'CodeIgniter\Session\Handlers\FileHandler' driver.
DEBUG - 2026-04-19 02:43:13 --> Session: Class initialized using 'CodeIgniter\Session\Handlers\FileHandler' driver.
DEBUG - 2026-04-19 02:43:19 --> Session: Class initialized using 'CodeIgniter\Session\Handlers\FileHandler' driver.
DEBUG - 2026-04-19 02:43:28 --> Session: Class initialized using 'CodeIgniter\Session\Handlers\FileHandler' driver.
DEBUG - 2026-04-19 02:43:36 --> Session: Class initialized using 'CodeIgniter\Session\Handlers\FileHandler' driver.
DEBUG - 2026-04-19 02:43:45 --> Session: Class initialized using 'CodeIgniter\Session\Handlers\FileHandler' driver.
DEBUG - 2026-04-19 02:43:47 --> Session: Class initialized using 'CodeIgniter\Session\Handlers\FileHandler' driver.
DEBUG - 2026-04-19 02:43:48 --> Session: Class initialized using 'CodeIgniter\Session\Handlers\FileHandler' driver.
DEBUG - 2026-04-19 02:44:57 --> Session: Class initialized using 'CodeIgniter\Session\Handlers\FileHandler' driver.
DEBUG - 2026-04-19 02:45:01 --> Session: Class initialized using 'CodeIgniter\Session\Handlers\FileHandler' driver.
DEBUG - 2026-04-19 02:49:30 --> Session: Class initialized using 'CodeIgniter\Session\Handlers\FileHandler' driver.
DEBUG - 2026-04-19 02:49:32 --> Session: Class initialized using 'CodeIgniter\Session\Handlers\FileHandler' driver.
DEBUG - 2026-04-19 02:49:52 --> Session: Class initialized using 'CodeIgniter\Session\Handlers\FileHandler' driver.
DEBUG - 2026-04-19 02:49:53 --> Session: Class initialized using 'CodeIgniter\Session\Handlers\FileHandler' driver.
DEBUG - 2026-04-19 02:49:59 --> Session: Class initialized using 'CodeIgniter\Session\Handlers\FileHandler' driver.
DEBUG - 2026-04-19 02:50:06 --> Session: Class initialized using 'CodeIgniter\Session\Handlers\FileHandler' driver.
DEBUG - 2026-04-19 02:50:06 --> Session: Class initialized using 'CodeIgniter\Session\Handlers\FileHandler' driver.
DEBUG - 2026-04-19 02:50:13 --> Session: Class initialized using 'CodeIgniter\Session\Handlers\FileHandler' driver.
DEBUG - 2026-04-19 02:50:13 --> Session: Class initialized using 'CodeIgniter\Session\Handlers\FileHandler' driver.
DEBUG - 2026-04-19 02:50:19 --> Session: Class initialized using 'CodeIgniter\Session\Handlers\FileHandler' driver.
DEBUG - 2026-04-19 02:50:19 --> Session: Class initialized using 'CodeIgniter\Session\Handlers\FileHandler' driver.
DEBUG - 2026-04-19 02:50:22 --> Session: Class initialized using 'CodeIgniter\Session\Handlers\FileHandler' driver.
DEBUG - 2026-04-19 02:50:23 --> Session: Class initialized using 'CodeIgniter\Session\Handlers\FileHandler' driver.
DEBUG - 2026-04-19 02:50:25 --> Session: Class initialized using 'CodeIgniter\Session\Handlers\FileHandler' driver.
DEBUG - 2026-04-19 02:50:26 --> Session: Class initialized using 'CodeIgniter\Session\Handlers\FileHandler' driver.
DEBUG - 2026-04-19 02:50:29 --> Session: Class initialized using 'CodeIgniter\Session\Handlers\FileHandler' driver.
DEBUG - 2026-04-19 02:50:31 --> Session: Class initialized using 'CodeIgniter\Session\Handlers\FileHandler' driver.
DEBUG - 2026-04-19 02:50:33 --> Session: Class initialized using 'CodeIgniter\Session\Handlers\FileHandler' driver.
DEBUG - 2026-04-19 02:50:36 --> Session: Class initialized using 'CodeIgniter\Session\Handlers\FileHandler' driver.
DEBUG - 2026-04-19 02:53:16 --> Session: Class initialized using 'CodeIgniter\Session\Handlers\FileHandler' driver.
DEBUG - 2026-04-19 02:54:29 --> Session: Class initialized using 'CodeIgniter\Session\Handlers\FileHandler' driver.
DEBUG - 2026-04-19 02:54:30 --> Session: Class initialized using 'CodeIgniter\Session\Handlers\FileHandler' driver.
DEBUG - 2026-04-19 02:54:31 --> Session: Class initialized using 'CodeIgniter\Session\Handlers\FileHandler' driver.
DEBUG - 2026-04-19 02:54:39 --> Session: Class initialized using 'CodeIgniter\Session\Handlers\FileHandler' driver.
DEBUG - 2026-04-19 02:54:40 --> Session: Class initialized using 'CodeIgniter\Session\Handlers\FileHandler' driver.
DEBUG - 2026-04-19 02:54:45 --> Session: Class initialized using 'CodeIgniter\Session\Handlers\FileHandler' driver.
DEBUG - 2026-04-19 02:54:47 --> Session: Class initialized using 'CodeIgniter\Session\Handlers\FileHandler' driver.
DEBUG - 2026-04-19 02:54:51 --> Session: Class initialized using 'CodeIgniter\Session\Handlers\FileHandler' driver.
DEBUG - 2026-04-19 02:54:52 --> Session: Class initialized using 'CodeIgniter\Session\Handlers\FileHandler' driver.
DEBUG - 2026-04-19 02:54:56 --> Session: Class initialized using 'CodeIgniter\Session\Handlers\FileHandler' driver.
DEBUG - 2026-04-19 02:58:28 --> Session: Class initialized using 'CodeIgniter\Session\Handlers\FileHandler' driver.
DEBUG - 2026-04-19 03:00:54 --> Session: Class initialized using 'CodeIgniter\Session\Handlers\FileHandler' driver.
DEBUG - 2026-04-19 03:02:28 --> Session: Class initialized using 'CodeIgniter\Session\Handlers\FileHandler' driver.
DEBUG - 2026-04-19 03:03:36 --> Session: Class initialized using 'CodeIgniter\Session\Handlers\FileHandler' driver.
DEBUG - 2026-04-19 03:03:43 --> Session: Class initialized using 'CodeIgniter\Session\Handlers\FileHandler' driver.
DEBUG - 2026-04-19 03:03:48 --> Session: Class initialized using 'CodeIgniter\Session\Handlers\FileHandler' driver.
DEBUG - 2026-04-19 03:03:53 --> Session: Class initialized using 'CodeIgniter\Session\Handlers\FileHandler' driver.
DEBUG - 2026-04-19 03:03:59 --> Session: Class initialized using 'CodeIgniter\Session\Handlers\FileHandler' driver.
DEBUG - 2026-04-19 03:04:07 --> Session: Class initialized using 'CodeIgniter\Session\Handlers\FileHandler' driver.
DEBUG - 2026-04-19 03:04:09 --> Session: Class initialized using 'CodeIgniter\Session\Handlers\FileHandler' driver.
DEBUG - 2026-04-19 03:04:11 --> Session: Class initialized using 'CodeIgniter\Session\Handlers\FileHandler' driver.
DEBUG - 2026-04-19 03:04:13 --> Session: Class initialized using 'CodeIgniter\Session\Handlers\FileHandler' driver.
DEBUG - 2026-04-19 03:04:14 --> Session: Class initialized using 'CodeIgniter\Session\Handlers\FileHandler' driver.
DEBUG - 2026-04-19 03:04:14 --> Session: Class initialized using 'CodeIgniter\Session\Handlers\FileHandler' driver.
DEBUG - 2026-04-19 03:04:15 --> Session: Class initialized using 'CodeIgniter\Session\Handlers\FileHandler' driver.
DEBUG - 2026-04-19 03:04:17 --> Session: Class initialized using 'CodeIgniter\Session\Handlers\FileHandler' driver.
DEBUG - 2026-04-19 03:04:19 --> Session: Class initialized using 'CodeIgniter\Session\Handlers\FileHandler' driver.
DEBUG - 2026-04-19 03:04:24 --> Session: Class initialized using 'CodeIgniter\Session\Handlers\FileHandler' driver.
DEBUG - 2026-04-19 03:04:24 --> Session: Class initialized using 'CodeIgniter\Session\Handlers\FileHandler' driver.
DEBUG - 2026-04-19 03:04:36 --> Session: Class initialized using 'CodeIgniter\Session\Handlers\FileHandler' driver.
DEBUG - 2026-04-19 03:04:36 --> Session: Class initialized using 'CodeIgniter\Session\Handlers\FileHandler' driver.
DEBUG - 2026-04-19 03:05:26 --> Session: Class initialized using 'CodeIgniter\Session\Handlers\FileHandler' driver.
DEBUG - 2026-04-19 03:06:10 --> Session: Class initialized using 'CodeIgniter\Session\Handlers\FileHandler' driver.
DEBUG - 2026-04-19 03:06:54 --> Session: Class initialized using 'CodeIgniter\Session\Handlers\FileHandler' driver.
DEBUG - 2026-04-19 03:07:46 --> Session: Class initialized using 'CodeIgniter\Session\Handlers\FileHandler' driver.
DEBUG - 2026-04-19 03:08:19 --> Session: Class initialized using 'CodeIgniter\Session\Handlers\FileHandler' driver.
DEBUG - 2026-04-19 03:08:54 --> Session: Class initialized using 'CodeIgniter\Session\Handlers\FileHandler' driver.
DEBUG - 2026-04-19 03:08:55 --> Session: Class initialized using 'CodeIgniter\Session\Handlers\FileHandler' driver.
DEBUG - 2026-04-19 03:09:00 --> Session: Class initialized using 'CodeIgniter\Session\Handlers\FileHandler' driver.
DEBUG - 2026-04-19 03:09:01 --> Session: Class initialized using 'CodeIgniter\Session\Handlers\FileHandler' driver.
DEBUG - 2026-04-19 03:09:01 --> Session: Class initialized using 'CodeIgniter\Session\Handlers\FileHandler' driver.
DEBUG - 2026-04-19 03:15:14 --> Session: Class initialized using 'CodeIgniter\Session\Handlers\FileHandler' driver.
DEBUG - 2026-04-19 03:15:14 --> Session: Class initialized using 'CodeIgniter\Session\Handlers\FileHandler' driver.
DEBUG - 2026-04-19 03:16:55 --> Session: Class initialized using 'CodeIgniter\Session\Handlers\FileHandler' driver.
DEBUG - 2026-04-19 03:16:56 --> Session: Class initialized using 'CodeIgniter\Session\Handlers\FileHandler' driver.
DEBUG - 2026-04-19 03:17:07 --> Session: Class initialized using 'CodeIgniter\Session\Handlers\FileHandler' driver.
DEBUG - 2026-04-19 03:17:07 --> Session: Class initialized using 'CodeIgniter\Session\Handlers\FileHandler' driver.
DEBUG - 2026-04-19 03:19:57 --> Session: Class initialized using 'CodeIgniter\Session\Handlers\FileHandler' driver.
DEBUG - 2026-04-19 03:20:18 --> Session: Class initialized using 'CodeIgniter\Session\Handlers\FileHandler' driver.
DEBUG - 2026-04-19 03:20:19 --> Session: Class initialized using 'CodeIgniter\Session\Handlers\FileHandler' driver.
DEBUG - 2026-04-19 03:20:29 --> Session: Class initialized using 'CodeIgniter\Session\Handlers\FileHandler' driver.
DEBUG - 2026-04-19 03:20:29 --> Session: Class initialized using 'CodeIgniter\Session\Handlers\FileHandler' driver.
DEBUG - 2026-04-19 03:21:15 --> Session: Class initialized using 'CodeIgniter\Session\Handlers\FileHandler' driver.
DEBUG - 2026-04-19 03:21:15 --> Session: Class initialized using 'CodeIgniter\Session\Handlers\FileHandler' driver.
DEBUG - 2026-04-19 03:24:47 --> Session: Class initialized using 'CodeIgniter\Session\Handlers\FileHandler' driver.
DEBUG - 2026-04-19 03:24:54 --> Session: Class initialized using 'CodeIgniter\Session\Handlers\FileHandler' driver.
DEBUG - 2026-04-19 03:24:55 --> Session: Class initialized using 'CodeIgniter\Session\Handlers\FileHandler' driver.
DEBUG - 2026-04-19 03:29:06 --> Session: Class initialized using 'CodeIgniter\Session\Handlers\FileHandler' driver.
DEBUG - 2026-04-19 03:29:06 --> Session: Class initialized using 'CodeIgniter\Session\Handlers\FileHandler' driver.
DEBUG - 2026-04-19 03:29:49 --> Session: Class initialized using 'CodeIgniter\Session\Handlers\FileHandler' driver.
DEBUG - 2026-04-19 03:29:49 --> Session: Class initialized using 'CodeIgniter\Session\Handlers\FileHandler' driver.
DEBUG - 2026-04-19 03:30:04 --> Session: Class initialized using 'CodeIgniter\Session\Handlers\FileHandler' driver.
DEBUG - 2026-04-19 03:30:04 --> Session: Class initialized using 'CodeIgniter\Session\Handlers\FileHandler' driver.
DEBUG - 2026-04-19 03:30:57 --> Session: Class initialized using 'CodeIgniter\Session\Handlers\FileHandler' driver.
DEBUG - 2026-04-19 03:31:04 --> Session: Class initialized using 'CodeIgniter\Session\Handlers\FileHandler' driver.
DEBUG - 2026-04-19 03:31:04 --> Session: Class initialized using 'CodeIgniter\Session\Handlers\FileHandler' driver.
DEBUG - 2026-04-19 03:31:17 --> Session: Class initialized using 'CodeIgniter\Session\Handlers\FileHandler' driver.
DEBUG - 2026-04-19 03:31:49 --> Session: Class initialized using 'CodeIgniter\Session\Handlers\FileHandler' driver.
DEBUG - 2026-04-19 03:31:50 --> Session: Class initialized using 'CodeIgniter\Session\Handlers\FileHandler' driver.
DEBUG - 2026-04-19 03:31:57 --> Session: Class initialized using 'CodeIgniter\Session\Handlers\FileHandler' driver.
DEBUG - 2026-04-19 03:32:01 --> Session: Class initialized using 'CodeIgniter\Session\Handlers\FileHandler' driver.
DEBUG - 2026-04-19 03:33:03 --> Session: Class initialized using 'CodeIgniter\Session\Handlers\FileHandler' driver.
DEBUG - 2026-04-19 03:35:41 --> Session: Class initialized using 'CodeIgniter\Session\Handlers\FileHandler' driver.
DEBUG - 2026-04-19 03:35:43 --> Session: Class initialized using 'CodeIgniter\Session\Handlers\FileHandler' driver.
DEBUG - 2026-04-19 03:35:46 --> Session: Class initialized using 'CodeIgniter\Session\Handlers\FileHandler' driver.
DEBUG - 2026-04-19 03:35:47 --> Session: Class initialized using 'CodeIgniter\Session\Handlers\FileHandler' driver.
DEBUG - 2026-04-19 03:35:48 --> Session: Class initialized using 'CodeIgniter\Session\Handlers\FileHandler' driver.
DEBUG - 2026-04-19 03:35:49 --> Session: Class initialized using 'CodeIgniter\Session\Handlers\FileHandler' driver.
DEBUG - 2026-04-19 03:35:50 --> Session: Class initialized using 'CodeIgniter\Session\Handlers\FileHandler' driver.
DEBUG - 2026-04-19 03:35:51 --> Session: Class initialized using 'CodeIgniter\Session\Handlers\FileHandler' driver.
DEBUG - 2026-04-19 03:36:02 --> Session: Class initialized using 'CodeIgniter\Session\Handlers\FileHandler' driver.
DEBUG - 2026-04-19 03:36:11 --> Session: Class initialized using 'CodeIgniter\Session\Handlers\FileHandler' driver.
DEBUG - 2026-04-19 03:41:05 --> Session: Class initialized using 'CodeIgniter\Session\Handlers\FileHandler' driver.
DEBUG - 2026-04-19 03:41:09 --> Session: Class initialized using 'CodeIgniter\Session\Handlers\FileHandler' driver.
DEBUG - 2026-04-19 03:41:11 --> Session: Class initialized using 'CodeIgniter\Session\Handlers\FileHandler' driver.
DEBUG - 2026-04-19 03:41:12 --> Session: Class initialized using 'CodeIgniter\Session\Handlers\FileHandler' driver.
DEBUG - 2026-04-19 03:41:45 --> Session: Class initialized using 'CodeIgniter\Session\Handlers\FileHandler' driver.
DEBUG - 2026-04-19 03:41:45 --> Session: Class initialized using 'CodeIgniter\Session\Handlers\FileHandler' driver.
DEBUG - 2026-04-19 03:42:14 --> Session: Class initialized using 'CodeIgniter\Session\Handlers\FileHandler' driver.
DEBUG - 2026-04-19 03:42:14 --> Session: Class initialized using 'CodeIgniter\Session\Handlers\FileHandler' driver.
DEBUG - 2026-04-19 03:42:18 --> Session: Class initialized using 'CodeIgniter\Session\Handlers\FileHandler' driver.
DEBUG - 2026-04-19 03:42:33 --> Session: Class initialized using 'CodeIgniter\Session\Handlers\FileHandler' driver.
DEBUG - 2026-04-19 03:42:33 --> Session: Class initialized using 'CodeIgniter\Session\Handlers\FileHandler' driver.
DEBUG - 2026-04-19 03:42:36 --> Session: Class initialized using 'CodeIgniter\Session\Handlers\FileHandler' driver.
DEBUG - 2026-04-19 03:42:37 --> Session: Class initialized using 'CodeIgniter\Session\Handlers\FileHandler' driver.
DEBUG - 2026-04-19 03:42:40 --> Session: Class initialized using 'CodeIgniter\Session\Handlers\FileHandler' driver.
DEBUG - 2026-04-19 03:42:40 --> Session: Class initialized using 'CodeIgniter\Session\Handlers\FileHandler' driver.
DEBUG - 2026-04-19 03:42:42 --> Session: Class initialized using 'CodeIgniter\Session\Handlers\FileHandler' driver.
DEBUG - 2026-04-19 03:42:45 --> Session: Class initialized using 'CodeIgniter\Session\Handlers\FileHandler' driver.
DEBUG - 2026-04-19 03:42:57 --> Session: Class initialized using 'CodeIgniter\Session\Handlers\FileHandler' driver.
DEBUG - 2026-04-19 03:42:57 --> Session: Class initialized using 'CodeIgniter\Session\Handlers\FileHandler' driver.
DEBUG - 2026-04-19 03:42:59 --> Session: Class initialized using 'CodeIgniter\Session\Handlers\FileHandler' driver.
DEBUG - 2026-04-19 03:43:04 --> Session: Class initialized using 'CodeIgniter\Session\Handlers\FileHandler' driver.
DEBUG - 2026-04-19 03:43:08 --> Session: Class initialized using 'CodeIgniter\Session\Handlers\FileHandler' driver.
DEBUG - 2026-04-19 03:43:09 --> Session: Class initialized using 'CodeIgniter\Session\Handlers\FileHandler' driver.
DEBUG - 2026-04-19 03:45:43 --> Session: Class initialized using 'CodeIgniter\Session\Handlers\FileHandler' driver.
DEBUG - 2026-04-19 03:45:49 --> Session: Class initialized using 'CodeIgniter\Session\Handlers\FileHandler' driver.
DEBUG - 2026-04-19 03:45:54 --> Session: Class initialized using 'CodeIgniter\Session\Handlers\FileHandler' driver.
DEBUG - 2026-04-19 03:45:54 --> Session: Class initialized using 'CodeIgniter\Session\Handlers\FileHandler' driver.
DEBUG - 2026-04-19 03:46:00 --> Session: Class initialized using 'CodeIgniter\Session\Handlers\FileHandler' driver.
DEBUG - 2026-04-19 03:46:03 --> Session: Class initialized using 'CodeIgniter\Session\Handlers\FileHandler' driver.
DEBUG - 2026-04-19 03:46:04 --> Session: Class initialized using 'CodeIgniter\Session\Handlers\FileHandler' driver.
DEBUG - 2026-04-19 03:46:04 --> Session: Class initialized using 'CodeIgniter\Session\Handlers\FileHandler' driver.
DEBUG - 2026-04-19 03:46:06 --> Session: Class initialized using 'CodeIgniter\Session\Handlers\FileHandler' driver.
DEBUG - 2026-04-19 03:46:10 --> Session: Class initialized using 'CodeIgniter\Session\Handlers\FileHandler' driver.
DEBUG - 2026-04-19 03:46:16 --> Session: Class initialized using 'CodeIgniter\Session\Handlers\FileHandler' driver.
DEBUG - 2026-04-19 03:46:17 --> Session: Class initialized using 'CodeIgniter\Session\Handlers\FileHandler' driver.
DEBUG - 2026-04-19 03:46:20 --> Session: Class initialized using 'CodeIgniter\Session\Handlers\FileHandler' driver.
DEBUG - 2026-04-19 03:46:21 --> Session: Class initialized using 'CodeIgniter\Session\Handlers\FileHandler' driver.
DEBUG - 2026-04-19 03:46:22 --> Session: Class initialized using 'CodeIgniter\Session\Handlers\FileHandler' driver.
DEBUG - 2026-04-19 03:46:22 --> Session: Class initialized using 'CodeIgniter\Session\Handlers\FileHandler' driver.
DEBUG - 2026-04-19 03:46:22 --> Session: Class initialized using 'CodeIgniter\Session\Handlers\FileHandler' driver.
DEBUG - 2026-04-19 03:46:23 --> Session: Class initialized using 'CodeIgniter\Session\Handlers\FileHandler' driver.
DEBUG - 2026-04-19 03:46:23 --> Session: Class initialized using 'CodeIgniter\Session\Handlers\FileHandler' driver.
DEBUG - 2026-04-19 03:46:28 --> Session: Class initialized using 'CodeIgniter\Session\Handlers\FileHandler' driver.
DEBUG - 2026-04-19 03:46:28 --> Session: Class initialized using 'CodeIgniter\Session\Handlers\FileHandler' driver.
DEBUG - 2026-04-19 03:46:44 --> Session: Class initialized using 'CodeIgniter\Session\Handlers\FileHandler' driver.
DEBUG - 2026-04-19 03:46:45 --> Session: Class initialized using 'CodeIgniter\Session\Handlers\FileHandler' driver.
DEBUG - 2026-04-19 03:46:46 --> Session: Class initialized using 'CodeIgniter\Session\Handlers\FileHandler' driver.
DEBUG - 2026-04-19 03:46:47 --> Session: Class initialized using 'CodeIgniter\Session\Handlers\FileHandler' driver.
DEBUG - 2026-04-19 03:46:48 --> Session: Class initialized using 'CodeIgniter\Session\Handlers\FileHandler' driver.
DEBUG - 2026-04-19 03:46:48 --> Session: Class initialized using 'CodeIgniter\Session\Handlers\FileHandler' driver.
DEBUG - 2026-04-19 03:47:32 --> Session: Class initialized using 'CodeIgniter\Session\Handlers\FileHandler' driver.
DEBUG - 2026-04-19 03:47:46 --> Session: Class initialized using 'CodeIgniter\Session\Handlers\FileHandler' driver.
DEBUG - 2026-04-19 03:47:55 --> Session: Class initialized using 'CodeIgniter\Session\Handlers\FileHandler' driver.
DEBUG - 2026-04-19 03:47:55 --> Session: Class initialized using 'CodeIgniter\Session\Handlers\FileHandler' driver.
DEBUG - 2026-04-19 03:48:26 --> Session: Class initialized using 'CodeIgniter\Session\Handlers\FileHandler' driver.
DEBUG - 2026-04-19 03:48:27 --> Session: Class initialized using 'CodeIgniter\Session\Handlers\FileHandler' driver.
DEBUG - 2026-04-19 03:48:30 --> Session: Class initialized using 'CodeIgniter\Session\Handlers\FileHandler' driver.
DEBUG - 2026-04-19 03:48:30 --> Session: Class initialized using 'CodeIgniter\Session\Handlers\FileHandler' driver.
DEBUG - 2026-04-19 03:48:36 --> Session: Class initialized using 'CodeIgniter\Session\Handlers\FileHandler' driver.
DEBUG - 2026-04-19 03:48:36 --> Session: Class initialized using 'CodeIgniter\Session\Handlers\FileHandler' driver.
DEBUG - 2026-04-19 03:48:42 --> Session: Class initialized using 'CodeIgniter\Session\Handlers\FileHandler' driver.
DEBUG - 2026-04-19 03:48:42 --> Session: Class initialized using 'CodeIgniter\Session\Handlers\FileHandler' driver.
DEBUG - 2026-04-19 03:48:48 --> Session: Class initialized using 'CodeIgniter\Session\Handlers\FileHandler' driver.
DEBUG - 2026-04-19 03:48:49 --> Session: Class initialized using 'CodeIgniter\Session\Handlers\FileHandler' driver.
DEBUG - 2026-04-19 03:49:17 --> Session: Class initialized using 'CodeIgniter\Session\Handlers\FileHandler' driver.
DEBUG - 2026-04-19 03:49:17 --> Session: Class initialized using 'CodeIgniter\Session\Handlers\FileHandler' driver.
DEBUG - 2026-04-19 03:50:13 --> Session: Class initialized using 'CodeIgniter\Session\Handlers\FileHandler' driver.
DEBUG - 2026-04-19 03:50:13 --> Session: Class initialized using 'CodeIgniter\Session\Handlers\FileHandler' driver.
DEBUG - 2026-04-19 03:50:15 --> Session: Class initialized using 'CodeIgniter\Session\Handlers\FileHandler' driver.
DEBUG - 2026-04-19 03:50:22 --> Session: Class initialized using 'CodeIgniter\Session\Handlers\FileHandler' driver.
DEBUG - 2026-04-19 03:52:39 --> Session: Class initialized using 'CodeIgniter\Session\Handlers\FileHandler' driver.
DEBUG - 2026-04-19 03:53:04 --> Session: Class initialized using 'CodeIgniter\Session\Handlers\FileHandler' driver.
DEBUG - 2026-04-19 03:53:40 --> Session: Class initialized using 'CodeIgniter\Session\Handlers\FileHandler' driver.
DEBUG - 2026-04-19 03:53:46 --> Session: Class initialized using 'CodeIgniter\Session\Handlers\FileHandler' driver.
DEBUG - 2026-04-19 03:53:50 --> Session: Class initialized using 'CodeIgniter\Session\Handlers\FileHandler' driver.
DEBUG - 2026-04-19 03:53:57 --> Session: Class initialized using 'CodeIgniter\Session\Handlers\FileHandler' driver.
DEBUG - 2026-04-19 03:54:04 --> Session: Class initialized using 'CodeIgniter\Session\Handlers\FileHandler' driver.
DEBUG - 2026-04-19 03:54:09 --> Session: Class initialized using 'CodeIgniter\Session\Handlers\FileHandler' driver.
DEBUG - 2026-04-19 03:54:14 --> Session: Class initialized using 'CodeIgniter\Session\Handlers\FileHandler' driver.
DEBUG - 2026-04-19 03:54:18 --> Session: Class initialized using 'CodeIgniter\Session\Handlers\FileHandler' driver.
DEBUG - 2026-04-19 03:54:22 --> Session: Class initialized using 'CodeIgniter\Session\Handlers\FileHandler' driver.
DEBUG - 2026-04-19 03:55:41 --> Session: Class initialized using 'CodeIgniter\Session\Handlers\FileHandler' driver.
DEBUG - 2026-04-19 03:55:41 --> Session: Class initialized using 'CodeIgniter\Session\Handlers\FileHandler' driver.
DEBUG - 2026-04-19 03:58:56 --> Session: Class initialized using 'CodeIgniter\Session\Handlers\FileHandler' driver.
DEBUG - 2026-04-19 03:59:02 --> Session: Class initialized using 'CodeIgniter\Session\Handlers\FileHandler' driver.
DEBUG - 2026-04-19 03:59:02 --> Session: Class initialized using 'CodeIgniter\Session\Handlers\FileHandler' driver.
DEBUG - 2026-04-19 03:59:03 --> Session: Class initialized using 'CodeIgniter\Session\Handlers\FileHandler' driver.
DEBUG - 2026-04-19 03:59:11 --> Session: Class initialized using 'CodeIgniter\Session\Handlers\FileHandler' driver.
DEBUG - 2026-04-19 03:59:16 --> Session: Class initialized using 'CodeIgniter\Session\Handlers\FileHandler' driver.
DEBUG - 2026-04-19 03:59:17 --> Session: Class initialized using 'CodeIgniter\Session\Handlers\FileHandler' driver.
DEBUG - 2026-04-19 03:59:18 --> Session: Class initialized using 'CodeIgniter\Session\Handlers\FileHandler' driver.
DEBUG - 2026-04-19 03:59:22 --> Session: Class initialized using 'CodeIgniter\Session\Handlers\FileHandler' driver.
DEBUG - 2026-04-19 03:59:22 --> Session: Class initialized using 'CodeIgniter\Session\Handlers\FileHandler' driver.
DEBUG - 2026-04-19 03:59:27 --> Session: Class initialized using 'CodeIgniter\Session\Handlers\FileHandler' driver.
DEBUG - 2026-04-19 03:59:33 --> Session: Class initialized using 'CodeIgniter\Session\Handlers\FileHandler' driver.
DEBUG - 2026-04-19 03:59:37 --> Session: Class initialized using 'CodeIgniter\Session\Handlers\FileHandler' driver.
DEBUG - 2026-04-19 03:59:56 --> Session: Class initialized using 'CodeIgniter\Session\Handlers\FileHandler' driver.
DEBUG - 2026-04-19 03:59:57 --> Session: Class initialized using 'CodeIgniter\Session\Handlers\FileHandler' driver.
DEBUG - 2026-04-19 04:00:01 --> Session: Class initialized using 'CodeIgniter\Session\Handlers\FileHandler' driver.
DEBUG - 2026-04-19 04:00:11 --> Session: Class initialized using 'CodeIgniter\Session\Handlers\FileHandler' driver.
DEBUG - 2026-04-19 04:00:39 --> Session: Class initialized using 'CodeIgniter\Session\Handlers\FileHandler' driver.
DEBUG - 2026-04-19 04:00:42 --> Session: Class initialized using 'CodeIgniter\Session\Handlers\FileHandler' driver.
DEBUG - 2026-04-19 04:00:49 --> Session: Class initialized using 'CodeIgniter\Session\Handlers\FileHandler' driver.
DEBUG - 2026-04-19 04:00:53 --> Session: Class initialized using 'CodeIgniter\Session\Handlers\FileHandler' driver.
DEBUG - 2026-04-19 04:00:54 --> Session: Class initialized using 'CodeIgniter\Session\Handlers\FileHandler' driver.
DEBUG - 2026-04-19 04:00:56 --> Session: Class initialized using 'CodeIgniter\Session\Handlers\FileHandler' driver.
DEBUG - 2026-04-19 04:01:00 --> Session: Class initialized using 'CodeIgniter\Session\Handlers\FileHandler' driver.
DEBUG - 2026-04-19 04:01:02 --> Session: Class initialized using 'CodeIgniter\Session\Handlers\FileHandler' driver.
DEBUG - 2026-04-19 04:01:02 --> Session: Class initialized using 'CodeIgniter\Session\Handlers\FileHandler' driver.
DEBUG - 2026-04-19 04:01:08 --> Session: Class initialized using 'CodeIgniter\Session\Handlers\FileHandler' driver.
DEBUG - 2026-04-19 04:01:09 --> Session: Class initialized using 'CodeIgniter\Session\Handlers\FileHandler' driver.
DEBUG - 2026-04-19 04:01:09 --> Session: Class initialized using 'CodeIgniter\Session\Handlers\FileHandler' driver.
